PassengerId,Pclass,Name,Sex,SibSp,Parch,Ticket,Embarked,Age_na,Fare_na,Age,Fare,Survived
1,3,135,2,1,0,629,3,False,False,-0.5748961186408397,-0.5021549737532789,0
2,1,245,1,1,0,713,1,False,False,0.659704782839092,0.747956790713472,1
3,3,442,1,0,0,799,3,False,False,-0.26624589327085674,-0.4889770578717757,1
4,1,354,1,1,0,56,3,False,False,0.42821711381160477,0.3929671642717883,1
5,3,19,2,0,0,565,3,False,False,0.42821711381160477,-0.48653670307890473,0
6,3,688,2,0,0,327,2,True,False,-0.11192078058586531,-0.47856552818347103,0
7,1,641,2,0,0,98,3,False,False,1.8943056843190236,0.36880765182236575,0
8,3,769,2,3,1,475,3,False,False,-2.1181472454907544,-0.232251733661751,0
9,3,511,1,0,2,416,3,False,False,-0.18908333692836105,-0.42634193561603256,1
10,2,714,1,1,0,158,1,False,False,-1.1921965693808054,-0.056628184496082555,1
11,3,895,1,1,1,734,3,False,False,-1.9638221328057628,-0.31766415141223453,1
12,1,115,1,0,0,44,3,False,False,2.2029559096890066,-0.12536419373400304,1
13,3,898,2,0,0,641,3,False,False,-0.7292212313258312,-0.48653670307890473,0
14,3,32,2,1,5,401,3,False,False,0.7368673391815876,-0.0331187825634809,0
15,3,1036,1,0,0,496,3,False,False,-1.1921965693808054,-0.4903592748264578,0
16,2,449,1,0,0,184,3,False,False,1.9714682406615194,-0.33133013825231183,1
17,3,838,2,4,1,574,2,False,False,-2.1181472454907544,-0.07509288500086134,0
18,2,1068,2,0,0,181,3,True,False,-0.11192078058586531,-0.3898986532812148,1
19,3,1034,1,1,0,365,3,False,False,0.11956688844162187,-0.29228446156637655,0
20,3,636,1,0,0,219,1,True,False,-0.11192078058586531,-0.5026430447118531,1
21,2,355,2,0,0,166,3,False,False,0.42821711381160477,-0.13610175482263526,0
22,2,97,2,0,0,183,3,False,False,0.3510545574691091,-0.3898986532812148,1
23,3,652,1,0,0,332,2,False,False,-1.1150340130383098,-0.4869427781164385,1
24,1,939,2,0,0,48,3,False,False,-0.11192078058586531,0.049365209435557486,1
25,3,771,1,3,1,475,3,False,False,-1.6551719074357798,-0.232251733661751,0
26,3,52,1,1,5,397,3,False,False,0.659704782839092,-0.030922463249897024,1
27,3,315,2,0,0,214,1,True,False,-0.11192078058586531,-0.5026430447118531,0
28,1,340,2,3,2,111,3,False,False,-0.8063837876683269,4.4908109324606995,0
29,3,746,1,0,0,337,2,True,False,-0.11192078058586531,-0.4898712038678836,1
30,3,1004,2,0,0,436,3,True,False,-0.11192078058586531,-0.48954712475139034,0
31,1,1022,2,0,0,715,1,False,False,0.8140298955240834,-0.10250685460205651,0
32,1,954,1,1,0,700,1,True,False,-0.11192078058586531,2.2168063405425014,1
33,3,372,1,0,0,347,2,True,False,-0.11192078058586531,-0.492393554581795,1
34,2,1055,2,0,0,656,3,False,False,2.820256360428972,-0.43870574913863397,0
35,1,665,2,1,0,717,1,False,False,-0.11192078058586531,0.9605116931725325,0
36,1,466,2,1,0,49,3,False,False,0.9683550082090748,0.37149204209452386,0
37,3,627,2,0,0,242,1,True,False,-0.11192078058586531,-0.5025610487908126,1
38,3,169,2,0,0,617,3,False,False,-0.6520586749833354,-0.48653670307890473,0
39,3,1031,1,2,0,366,3,False,False,-0.8835463440108225,-0.29228446156637655,0
40,3,727,1,1,0,221,1,False,False,-1.1921965693808054,-0.42422565993965483,1
41,3,10,1,1,0,607,3,False,False,0.8140298955240834,-0.4587166584401758,0
42,2,1021,1,1,0,60,3,False,False,-0.18908333692836105,-0.23371594653747357,0
43,3,558,2,0,0,470,1,True,False,-0.11192078058586531,-0.48954712475139034,0
44,2,571,1,1,2,758,1,False,False,-2.0409846891482584,0.16804844829012647,1
45,3,277,1,0,0,336,2,False,False,-0.8063837876683269,-0.4898712038678836,1
46,3,854,2,0,0,735,3,True,False,-0.11192078058586531,-0.48653670307890473,0
47,3,589,2,1,0,554,2,True,False,-0.11192078058586531,-0.34109155742379565,0
48,3,745,1,0,0,89,2,True,False,-0.11192078058586531,-0.492393554581795,1
49,3,893,2,2,0,228,1,True,False,-0.11192078058586531,-0.2204560347349299,0
50,3,44,1,1,0,455,3,False,False,-0.8835463440108225,-0.29618902923497004,0
51,3,774,2,4,1,296,3,False,False,-1.7323344637782756,0.13111709499673455,0
52,3,734,2,0,0,628,3,False,False,-0.6520586749833354,-0.4914174126646466,0
53,1,421,1,1,0,701,1,False,False,1.508492902606545,0.8542762160454398,1
54,2,322,1,1,0,286,3,False,False,-0.03475822424336958,-0.13610175482263526,1
55,1,764,2,0,1,33,1,False,False,2.7430938040864765,0.5663143504866667,0
56,1,1076,2,0,0,110,3,True,False,-0.11192078058586531,0.049365209435557486,1
57,2,867,1,0,0,662,3,False,False,-0.6520586749833354,-0.43870574913863397,1
58,3,735,2,0,0,259,1,False,False,-0.07333950241461744,-0.5025610487908126,0
59,2,1052,1,1,2,671,3,False,False,-1.886659576463267,-0.10193678772244187,1
60,3,383,2,5,2,676,3,False,False,-1.4236842384082926,0.27192556654538874,0
61,3,923,2,0,0,235,1,False,False,-0.5748961186408397,-0.5025610487908126,0
62,1,480,1,0,0,36,0,False,False,0.659704782839092,0.9181315156976183,1
63,1,425,2,1,0,548,3,False,False,1.199842677236562,0.9859733789394308,0
64,3,929,2,3,2,405,3,False,False,-1.9638221328057628,-0.09900836197099674,0
65,1,966,2,0,0,718,1,True,False,-0.11192078058586531,-0.10250685460205651,0
66,3,694,2,1,1,227,1,True,False,-0.11192078058586531,-0.34605426293057806,1
67,2,736,1,0,0,660,3,False,False,-0.03475822424336958,-0.43870574913863397,1
68,3,239,2,0,0,744,3,False,False,-0.8063837876683269,-0.4844223796863613,0
69,3,29,1,4,2,295,3,False,False,-0.9607089003533184,-0.4889770578717757,1
70,3,550,2,2,0,319,3,False,False,-0.26624589327085674,-0.474578964593837,0
71,2,494,2,0,0,666,3,False,False,0.1967294447841176,-0.43870574913863397,0
72,3,385,1,5,2,676,3,False,False,-1.037871456695814,0.27192556654538874,0
73,2,470,2,0,0,742,3,False,False,-0.6520586749833354,0.7912330664683285,0
74,3,205,2,1,0,244,1,False,False,-0.26624589327085674,-0.3615085417628712,0
75,3,104,2,0,0,93,3,False,False,0.1967294447841176,0.4592628187168379,1
76,3,679,2,0,0,420,3,False,False,-0.3434084496133525,-0.4943458384160918,0
77,3,957,2,0,0,428,3,True,False,-0.11192078058586531,-0.48954712475139034,0
78,3,697,2,0,0,566,3,True,False,-0.11192078058586531,-0.48653670307890473,0
79,2,161,2,0,2,190,3,False,False,-2.2084274364114744,-0.07753323979373229,1
80,3,291,1,0,0,518,3,False,False,0.04240433209912615,-0.4001481434112728,1
81,3,1038,2,0,0,368,3,False,False,-0.5748961186408397,-0.46799000665308543,0
82,3,909,2,0,0,376,3,False,False,-0.03475822424336958,-0.4582285874816016,1
83,3,648,1,0,0,334,2,True,False,-0.11192078058586531,-0.4916614481439337,1
84,1,177,2,0,0,29,3,False,False,-0.11192078058586531,0.27583013421398234,0
85,2,481,1,0,0,761,3,False,False,-0.9607089003533184,-0.43870574913863397,1
86,3,63,1,3,0,294,3,False,False,0.2738920011266133,-0.334258564003757,1
87,3,334,2,1,3,807,3,False,False,-1.037871456695814,0.027402016299718866,0
88,3,938,2,0,0,779,3,True,False,-0.11192078058586531,-0.48653670307890473,0
89,1,339,1,3,2,111,3,False,False,-0.4977335622983439,4.4908109324606995,1
90,3,189,2,0,0,360,3,False,False,-0.42057100595584823,-0.48653670307890473,0
91,3,203,2,0,0,361,3,False,False,-0.03475822424336958,-0.48653670307890473,0
92,3,35,2,0,0,411,3,False,False,-0.7292212313258312,-0.4903592748264578,0
93,1,190,2,1,0,809,3,False,False,1.2770052335790578,0.5506140838912521,0
94,3,272,2,1,2,655,3,False,False,-0.26624589327085674,-0.24201315283323482,0
95,3,237,2,0,0,514,3,False,False,2.280118466031502,-0.5021549737532789,0
96,3,913,2,0,0,568,3,True,False,-0.11192078058586531,-0.48653670307890473,0
97,1,375,2,0,0,725,1,False,False,3.206069142141451,0.032852792765075495,0
98,1,395,2,0,1,730,1,False,False,-0.4977335622983439,0.5932382968454534,1
99,2,286,1,0,1,136,3,False,False,0.3510545574691091,-0.19467026985153824,1
100,2,523,2,1,0,180,3,False,False,0.3510545574691091,-0.13610175482263526,0
101,3,807,1,0,0,463,3,False,False,-0.11192078058586531,-0.48954712475139034,0
102,3,809,2,0,0,435,3,True,False,-0.11192078058586531,-0.48954712475139034,0
103,1,1057,2,0,1,501,3,False,False,-0.6520586749833354,0.8651758166923184,0
104,3,504,2,0,0,605,3,False,False,0.2738920011266133,-0.4747410041520837,0
105,3,400,2,2,0,292,3,False,False,0.5825422264965963,-0.4889770578717757,0
106,3,674,2,0,0,427,3,False,False,-0.11192078058586531,-0.48954712475139034,0
107,3,889,1,0,0,358,3,False,False,-0.6520586749833354,-0.4943458384160918,1
108,3,693,2,0,0,302,3,True,False,-0.11192078058586531,-0.49190548362322084,1
109,3,830,2,0,0,467,3,False,False,0.659704782839092,-0.48954712475139034,0
110,3,686,1,1,0,562,2,True,False,-0.11192078058586531,-0.17221900575712545,1
111,1,819,2,0,0,3,3,False,False,1.3541677899215534,0.37149204209452386,0
112,3,1086,1,1,0,231,1,False,False,-1.1536152912095576,-0.3615085417628712,0
113,3,81,2,0,0,324,3,False,False,-0.5748961186408397,-0.48653670307890473,0
114,3,518,1,1,0,588,3,False,False,-0.7292212313258312,-0.45188366502013716,0
115,3,57,1,0,0,211,1,False,False,-0.9607089003533184,-0.3614284981256651,0
116,3,793,2,0,0,795,3,False,False,-0.6520586749833354,-0.4889770578717757,0
117,3,226,2,0,0,552,2,False,False,3.167487863970203,-0.492393554581795,0
118,2,1020,2,1,0,60,3,False,False,-0.03475822424336958,-0.23371594653747357,0
119,1,84,2,0,1,698,1,False,False,-0.42057100595584823,4.188613013182235,0
120,3,28,1,4,2,401,3,False,False,-2.1181472454907544,-0.0331187825634809,0
121,2,452,2,2,0,742,3,False,False,-0.6520586749833354,0.7912330664683285,0
122,3,685,2,0,0,646,3,True,False,-0.11192078058586531,-0.48653670307890473,0
123,2,713,2,1,0,158,1,False,False,0.23531072295536545,-0.056628184496082555,0
124,2,1045,1,0,0,264,3,False,False,0.23531072295536545,-0.3898986532812148,1
125,1,1056,2,0,1,501,3,False,False,1.8943056843190236,0.8651758166923184,0
126,3,726,2,1,0,221,1,False,False,-1.346521682065797,-0.42422565993965483,1
127,3,655,2,0,0,555,2,True,False,-0.11192078058586531,-0.492393554581795,0
128,3,620,2,0,0,648,3,False,False,-0.42057100595584823,-0.5042692971458222,1
129,3,803,1,1,1,234,1,True,False,-0.11192078058586531,-0.2071980752162206,1
130,3,309,2,0,0,383,3,False,False,1.199842677236562,-0.5075237542975949,0
131,3,295,2,0,0,459,1,False,False,0.2738920011266133,-0.48954712475139034,0
132,3,210,2,0,0,765,3,False,False,-0.7292212313258312,-0.5060595414218724,0
133,3,852,1,1,0,643,3,False,False,1.3541677899215534,-0.36061439576676335,0
134,2,1049,1,1,0,130,3,False,False,-0.03475822424336958,-0.13610175482263526,1
135,2,949,2,0,0,659,3,False,False,-0.3434084496133525,-0.3898986532812148,0
136,2,841,2,0,0,753,1,False,False,-0.4977335622983439,-0.3499588305991716,0
137,1,723,1,0,2,62,3,False,False,-0.8063837876683269,-0.13057093472007253,1
138,1,353,2,1,0,56,3,False,False,0.5825422264965963,0.3929671642717883,0
139,3,761,2,0,0,603,3,False,False,-1.037871456695814,-0.4637594075841644,0
140,1,365,2,0,0,707,1,False,False,-0.42057100595584823,0.9025132450232441,0
141,3,121,1,0,2,243,1,True,False,-0.11192078058586531,-0.34605426293057806,0
142,3,737,1,0,0,400,3,False,False,-0.5748961186408397,-0.492393554581795,1
143,3,407,1,1,0,798,3,False,False,-0.42057100595584823,-0.334258564003757,1
144,3,148,2,0,0,525,2,False,False,-0.8063837876683269,-0.5119163929247627,0
145,2,36,2,0,0,137,3,False,False,-0.8835463440108225,-0.41918291079566633,0
146,2,724,2,1,1,667,3,False,False,-0.8063837876683269,0.07376875736426705,0
147,3,33,2,0,0,486,3,False,False,-0.18908333692836105,-0.49149940858568714,1
148,3,332,1,2,2,807,3,False,False,-1.5780093510932842,0.027402016299718866,0
149,2,718,2,0,2,132,3,False,False,0.5439609483253484,-0.13610175482263526,0
150,2,154,2,0,0,177,3,False,False,0.9683550082090748,-0.3898986532812148,0
151,2,82,2,0,0,743,3,False,False,1.6628180152915364,-0.3991720014941245,0
152,1,790,1,1,0,40,3,False,False,-0.5748961186408397,0.6565254819018516,1
153,3,662,2,0,0,620,3,False,False,2.0100495188327674,-0.48653670307890473,0
154,3,1097,2,0,2,644,3,False,False,0.8526111736953312,-0.36061439576676335,0
155,3,754,2,0,0,685,3,True,False,-0.11192078058586531,-0.5009347963568433,0
156,1,1067,2,0,1,711,1,False,False,1.6628180152915364,0.554600647480886,0
157,3,370,1,0,0,502,2,False,False,-1.037871456695814,-0.4927195859821226,1
158,3,232,2,0,0,781,3,False,False,0.04240433209912615,-0.48653670307890473,0
159,3,941,2,0,0,306,3,True,False,-0.11192078058586531,-0.474578964593837,0
160,3,880,2,8,2,678,3,True,False,-0.11192078058586531,0.7141178550136061,0
161,3,241,2,0,1,563,3,False,False,1.1226801208940664,-0.32937785441801504,0
162,2,1044,1,0,0,668,3,False,False,0.8140298955240834,-0.3362108478380538,1
163,3,99,2,0,0,389,3,False,False,-0.26624589327085674,-0.49190548362322084,0
164,3,164,2,0,0,314,3,False,False,-0.9607089003533184,-0.474578964593837,0
165,3,773,2,4,1,296,3,False,False,-2.19530980183325,0.13111709499673455,0
166,3,376,2,0,2,509,3,False,False,-1.5780093510932842,-0.24298929475038322,1
167,1,201,1,0,1,32,3,True,False,-0.11192078058586531,0.43006055712342683,1
168,3,934,1,1,4,405,3,False,False,1.199842677236562,-0.09900836197099674,0
169,1,83,2,0,0,688,3,True,False,-0.11192078058586531,-0.13756596769835783,0
170,3,603,2,0,0,93,3,False,False,-0.11192078058586531,0.4592628187168379,0
171,1,1026,2,0,0,8,3,False,False,2.4344435787164938,0.010319532749622166,0
172,3,836,2,4,1,574,2,False,False,-1.9638221328057628,-0.07509288500086134,0
173,3,507,1,1,1,416,3,False,False,-2.19530980183325,-0.42634193561603256,1
174,3,926,2,0,0,787,3,False,False,-0.6520586749833354,-0.4889770578717757,0
175,1,943,2,0,0,104,1,False,False,2.048630797004015,-0.04442641053172777,0
176,3,555,2,1,1,494,3,False,False,-0.8835463440108225,-0.4903592748264578,0
177,3,579,2,3,1,585,3,True,False,-0.11192078058586531,-0.14651328451093992,0
178,1,485,1,0,0,709,1,False,False,1.5856554589490406,-0.08314605581733553,0
179,2,408,2,0,0,202,3,False,False,0.04240433209912615,-0.3898986532812148,0
180,3,590,2,0,0,686,3,False,False,0.5053796701541005,-0.6436955517397944,0
181,3,882,1,8,2,678,3,True,False,-0.11192078058586531,0.7141178550136061,0
182,2,799,2,0,0,752,1,True,False,-0.11192078058586531,-0.34987683467813113,0
183,3,47,2,4,2,397,3,False,False,-1.5780093510932842,-0.030922463249897024,0
184,2,92,2,2,1,133,3,False,False,-2.19530980183325,0.11769514363594429,1
185,3,551,1,0,2,320,3,False,False,-1.9638221328057628,-0.21370503723593173,1
186,1,857,2,0,0,38,3,True,False,-0.11192078058586531,0.3324463654085885,0
187,3,741,1,1,0,551,2,True,False,-0.11192078058586531,-0.34109155742379565,1
188,1,855,2,0,0,14,3,False,False,1.199842677236562,-0.12536419373400304,1
189,3,123,2,1,1,521,2,False,False,0.8140298955240834,-0.34109155742379565,0
190,3,1017,2,0,0,465,3,False,False,0.5053796701541005,-0.48954712475139034,0
191,2,816,1,0,0,143,3,False,False,0.1967294447841176,-0.3898986532812148,1
192,2,171,2,0,0,274,3,False,False,-0.8063837876683269,-0.3898986532812148,0
193,3,24,1,1,0,488,3,False,False,-0.8063837876683269,-0.4903592748264578,1
194,2,717,2,1,1,132,3,False,False,-2.0409846891482584,-0.13610175482263526,1
195,1,142,1,0,0,721,1,False,False,1.1226801208940664,-0.10250685460205651,1
196,1,616,1,0,0,700,1,False,False,2.2029559096890066,2.2168063405425014,1
197,3,663,2,0,0,542,2,True,False,-0.11192078058586531,-0.492393554581795,0
198,3,753,2,0,1,591,3,False,False,0.9683550082090748,-0.4796217137378256,0
199,3,618,1,0,0,553,2,True,False,-0.11192078058586531,-0.492393554581795,1
200,2,1085,1,0,0,193,3,False,False,-0.42057100595584823,-0.3898986532812148,0
201,3,1028,2,0,0,371,3,False,False,-0.11192078058586531,-0.4582285874816016,0
202,3,886,2,8,2,678,3,True,False,-0.11192078058586531,0.7141178550136061,0
203,3,501,2,0,0,289,3,False,False,0.3510545574691091,-0.5168790984315451,0
204,3,1082,2,0,0,212,1,False,False,1.2384239554078098,-0.5026430447118531,0
205,3,211,2,0,0,636,3,False,False,-0.8835463440108225,-0.48653670307890473,1
206,3,974,1,0,1,381,3,False,False,-2.1181472454907544,-0.4394378555764953,0
207,3,62,2,1,0,294,3,False,False,0.1967294447841176,-0.334258564003757,0
208,3,12,2,0,0,261,1,False,False,-0.26624589327085674,-0.2769102263712895,1
209,3,176,1,0,0,534,2,False,False,-1.037871456695814,-0.492393554581795,1
210,1,114,2,0,0,20,1,False,False,0.8140298955240834,-0.03848756310779698,1
211,3,16,2,0,0,767,3,False,False,-0.42057100595584823,-0.5060595414218724,0
212,2,166,1,0,0,681,3,False,False,0.42821711381160477,-0.23371594653747357,1
213,3,798,2,0,0,632,3,False,False,-0.5748961186408397,-0.5021549737532789,0
214,2,371,2,0,0,196,3,False,False,0.04240433209912615,-0.3898986532812148,0
215,3,546,2,1,0,532,2,True,False,-0.11192078058586531,-0.492393554581795,0
216,1,720,1,1,0,500,1,False,False,0.11956688844162187,1.5677539615598672,1
217,3,469,1,0,0,800,3,False,False,-0.18908333692836105,-0.4889770578717757,1
218,2,487,2,1,0,172,3,False,False,0.9683550082090748,-0.11657891647966762,0
219,1,86,1,0,0,72,1,False,False,0.1967294447841176,0.8457349742703915,1
220,2,426,2,0,0,810,3,False,False,0.04240433209912615,-0.43870574913863397,0
221,3,976,2,0,0,780,3,False,False,-1.037871456695814,-0.48653670307890473,1
222,2,128,2,0,0,123,3,False,False,-0.18908333692836105,-0.3898986532812148,0
223,3,393,2,0,0,120,3,False,False,1.6628180152915364,-0.48653670307890473,0
224,3,719,2,0,0,453,3,True,False,-0.11192078058586531,-0.48954712475139034,0
225,1,474,2,1,0,109,3,False,False,0.659704782839092,1.1133598991272948,1
226,3,100,2,0,0,733,3,False,False,-0.5748961186408397,-0.46115701323304675,0
227,2,661,2,0,0,803,3,False,False,-0.8063837876683269,-0.43870574913863397,1
228,3,612,2,0,0,631,3,False,False,-0.6906399531545833,-0.5021549737532789,0
229,2,319,2,0,0,147,3,False,False,-0.8835463440108225,-0.3898986532812148,0
230,3,582,1,3,1,585,3,True,False,-0.11192078058586531,-0.14651328451093992,0
231,1,427,1,1,0,548,3,False,False,0.42821711381160477,0.9859733789394308,1
232,3,575,2,0,0,388,3,False,False,-0.03475822424336958,-0.49190548362322084,0
233,2,928,2,0,0,153,3,False,False,2.280118466031502,-0.380137234109731,0
234,3,50,1,4,2,397,3,False,False,-1.886659576463267,-0.030922463249897024,1
235,2,595,2,0,0,661,3,False,False,-0.42057100595584823,-0.43870574913863397,0
236,3,417,1,0,0,808,3,True,False,-0.11192078058586531,-0.49629812225038855,0
237,2,463,2,1,0,237,3,False,False,1.1226801208940664,-0.13610175482263526,0
238,2,218,1,0,2,665,3,False,False,-1.6551719074357798,-0.13122104523689335,1
239,2,797,2,0,0,278,3,False,False,-0.8063837876683269,-0.43870574913863397,0
240,2,478,2,0,0,760,3,False,False,0.2738920011266133,-0.4040527110798664,0
241,3,1087,1,1,0,231,1,True,False,-0.11192078058586531,-0.3615085417628712,0
242,3,702,1,1,0,533,2,True,False,-0.11192078058586531,-0.34109155742379565,1
243,2,214,2,0,0,805,3,False,False,-0.03475822424336958,-0.43870574913863397,0
244,3,621,2,0,0,786,3,False,False,-0.5748961186408397,-0.5045953285461499,0
245,3,58,2,0,0,256,1,False,False,0.04240433209912615,-0.5026430447118531,0
246,1,670,2,2,0,108,2,False,False,1.1226801208940664,1.1133598991272948,0
247,3,597,1,0,0,392,3,False,False,-0.3434084496133525,-0.49190548362322084,0
248,2,410,1,0,2,199,3,False,False,-0.42057100595584823,-0.36061439576676335,1
249,1,95,2,1,1,61,3,False,False,0.5825422264965963,0.38231159910419654,1
250,2,183,2,1,0,174,3,False,False,1.8943056843190236,-0.13610175482263526,0
251,3,828,2,0,0,507,3,True,False,-0.11192078058586531,-0.5021549737532789,0
252,3,975,1,1,1,381,3,False,False,-0.03475822424336958,-0.4394378555764953,0
253,1,962,2,0,0,35,3,False,False,2.5116061350589893,-0.12536419373400304,0
254,3,606,2,1,0,642,3,False,False,0.04240433209912615,-0.32937785441801504,0
255,3,859,1,0,2,550,3,False,False,0.8911924518665791,-0.24909018173256062,0
256,3,1012,1,0,2,220,1,False,False,-0.03475822424336958,-0.34605426293057806,1
257,1,999,1,0,0,703,1,True,False,-0.11192078058586531,0.9025132450232441,1
258,1,199,1,0,0,1,3,False,False,0.04240433209912615,1.0450299649269081,1
259,1,1040,1,0,0,726,1,False,False,0.42821711381160477,9.358424598242152,1
260,2,781,1,0,1,134,3,False,False,1.5856554589490406,-0.13610175482263526,1
261,3,946,2,0,0,578,2,True,False,-0.11192078058586531,-0.492393554581795,0
262,3,48,2,4,2,397,3,False,False,-2.0409846891482584,-0.030922463249897024,1
263,1,986,2,1,1,2,3,False,False,1.7399805716340322,0.9112985222775797,0
264,1,428,2,0,0,19,3,False,False,0.8140298955240834,-0.6436955517397944,0
265,3,446,1,0,0,572,2,True,False,-0.11192078058586531,-0.492393554581795,0
266,2,829,2,0,0,653,3,False,False,0.5053796701541005,-0.43870574913863397,0
267,3,776,2,4,1,296,3,False,False,-1.037871456695814,0.13111709499673455,0
268,3,801,2,1,0,402,3,False,False,-0.3434084496133525,-0.49190548362322084,1
269,1,392,1,0,1,702,3,False,False,2.2029559096890066,2.35232802746788,1
270,1,110,1,0,0,731,3,False,False,0.42821711381160477,2.0042514380834406,1
271,1,159,2,0,0,54,3,True,False,-0.11192078058586531,-0.03848756310779698,0
272,3,1009,2,0,0,686,3,False,False,-0.3434084496133525,-0.6436955517397944,1
273,2,660,1,0,1,195,3,False,False,0.8911924518665791,-0.26300020405192504,1
274,1,715,2,0,1,710,1,False,False,0.5825422264965963,-0.06386725295365495,0
275,3,438,1,0,0,558,2,True,False,-0.11192078058586531,-0.492393554581795,1
276,1,38,1,1,0,82,3,False,False,2.588768691401485,0.8782717366527811,1
277,3,598,1,0,0,394,3,False,False,1.199842677236562,-0.492393554581795,0
278,2,779,2,0,0,162,3,True,False,-0.11192078058586531,-0.6436955517397944,0
279,3,837,2,4,1,574,2,False,False,-1.7323344637782756,-0.07509288500086134,0
280,3,3,1,1,1,658,3,False,False,0.42821711381160477,-0.2483580752946993,1
281,3,298,2,0,0,349,2,False,False,2.7430938040864765,-0.492393554581795,0
282,3,756,2,0,0,409,3,False,False,-0.11192078058586531,-0.4903592748264578,0
283,3,1093,2,0,0,375,3,False,False,-1.037871456695814,-0.4582285874816016,0
284,3,288,2,0,0,639,3,False,False,-0.8063837876683269,-0.48653670307890473,1
285,1,945,2,0,0,28,3,True,False,-0.11192078058586531,-0.13610175482263526,0
286,3,958,2,0,0,457,1,False,False,0.2738920011266133,-0.474578964593837,0
287,3,1092,2,0,0,373,3,False,False,0.04240433209912615,-0.4582285874816016,1
288,3,707,2,0,0,426,3,False,False,-0.5748961186408397,-0.48954712475139034,0
289,2,472,2,0,0,160,3,False,False,0.9683550082090748,-0.3898986532812148,1
290,3,225,1,0,0,556,2,False,False,-0.5748961186408397,-0.492393554581795,1
291,1,78,1,0,0,106,3,False,False,-0.26624589327085674,0.8956802516032053,1
292,1,109,1,1,0,73,1,False,False,-0.8063837876683269,1.1344289462670256,1
293,2,593,2,0,0,759,1,False,False,0.5053796701541005,-0.3923390080740858,0
294,3,403,1,0,0,454,3,False,False,-0.42057100595584823,-0.4709184324045306,0
295,3,672,2,0,0,452,3,False,False,-0.42057100595584823,-0.48954712475139034,0
296,1,594,2,0,0,723,1,True,False,-0.11192078058586531,-0.10250685460205651,0
297,3,412,2,0,0,255,1,False,False,-0.4591522841270961,-0.5025610487908126,0
298,1,21,1,1,2,43,3,False,False,-2.1181472454907544,2.3149905991369546,0
299,1,878,2,0,0,114,3,True,False,-0.11192078058586531,-0.04824898227928081,1
300,1,85,1,0,1,698,1,False,False,1.5856554589490406,4.188613013182235,1
301,3,537,1,0,0,616,2,True,False,-0.11192078058586531,-0.492393554581795,1
302,3,645,2,2,0,529,2,True,False,-0.11192078058586531,-0.18978956026579633,1
303,3,510,2,0,0,686,3,False,False,-0.8063837876683269,-0.6436955517397944,0
304,2,532,1,0,0,128,2,True,False,-0.11192078058586531,-0.4025884982041438,1
305,3,1069,2,0,0,633,3,True,False,-0.11192078058586531,-0.48653670307890473,0
306,1,20,2,1,2,43,3,False,False,-2.2014828063406493,2.3149905991369546,1
307,1,325,1,0,0,96,1,True,False,-0.11192078058586531,1.5210611890949912,1
308,1,796,1,1,0,729,1,False,False,-0.9607089003533184,1.4823415438093839,1
309,2,5,2,1,0,687,1,False,False,0.04240433209912615,-0.1751474315085706,0
310,1,344,1,0,0,696,1,False,False,0.04240433209912615,0.46772401685468007,1
311,1,436,1,0,0,66,1,False,False,-0.42057100595584823,0.9797904960362129,1
312,1,872,1,2,2,719,1,False,False,-0.8835463440108225,4.478609158496345,1
313,2,561,1,1,1,200,3,False,False,-0.26624589327085674,-0.13610175482263526,0
314,3,445,2,0,0,461,3,False,False,-0.11192078058586531,-0.48954712475139034,0
315,2,430,2,1,1,682,3,False,False,1.0455175645515706,-0.13122104523689335,0
316,3,730,1,0,0,414,3,False,False,-0.26624589327085674,-0.4903592748264578,1
317,2,524,1,1,0,180,3,False,False,-0.42057100595584823,-0.13610175482263526,1
318,2,689,2,0,0,279,3,False,False,1.8943056843190236,-0.37037581493824717,0
319,1,1058,1,0,2,544,3,False,False,0.11956688844162187,2.574970380498752,1
320,1,953,1,1,1,94,1,False,False,0.8140298955240834,1.9821262053893558,1
321,3,276,2,0,0,630,3,False,False,-0.5748961186408397,-0.5021549737532789,0
322,3,258,2,0,0,439,3,False,False,-0.18908333692836105,-0.48954712475139034,0
323,2,936,1,0,0,145,2,False,False,0.04240433209912615,-0.4025884982041438,1
324,2,163,1,1,1,190,3,False,False,-0.5748961186408397,-0.07753323979373229,1
325,3,887,2,8,2,678,3,True,False,-0.11192078058586531,0.7141178550136061,0
326,1,1081,1,0,0,731,1,False,False,0.5053796701541005,2.0042514380834406,1
327,3,738,2,0,0,362,3,False,False,2.4344435787164938,-0.5219218475755336,0
328,2,73,1,0,0,276,3,False,False,0.5053796701541005,-0.3898986532812148,1
329,3,379,1,1,1,509,3,False,False,0.11956688844162187,-0.24298929475038322,1
330,1,454,1,0,1,10,1,False,False,-1.037871456695814,0.48822299711479605,1
331,3,643,1,2,0,529,2,True,False,-0.11192078058586531,-0.18978956026579633,1
332,1,782,2,0,0,23,3,False,False,1.2384239554078098,-0.08729465896521613,0
333,1,391,2,0,1,702,3,False,False,0.659704782839092,2.35232802746788,0
334,3,1033,2,2,0,366,3,False,False,-1.037871456695814,-0.29228446156637655,0
335,1,347,1,1,0,722,3,True,False,-0.11192078058586531,1.9655317927978333,1
336,3,275,2,0,0,445,3,True,False,-0.11192078058586531,-0.48954712475139034,0
337,1,789,2,1,0,40,3,False,False,-0.03475822424336958,0.6565254819018516,0
338,1,149,1,0,0,94,1,False,False,0.8911924518665791,1.9821262053893558,1
339,3,248,2,0,0,611,3,False,False,1.199842677236562,-0.48653670307890473,1
340,1,113,2,0,0,45,3,False,False,1.199842677236562,0.049365209435557486,0
341,2,716,2,1,1,132,3,False,False,-2.1181472454907544,-0.13610175482263526,1
342,1,337,1,3,2,111,3,False,False,-0.42057100595584823,4.4908109324606995,1
343,2,215,2,0,0,191,3,False,False,-0.11192078058586531,-0.3898986532812148,0
344,2,904,2,0,0,179,3,False,False,-0.3434084496133525,-0.3898986532812148,0
345,2,343,2,0,0,131,3,False,False,0.5053796701541005,-0.3898986532812148,0
346,2,139,1,0,0,188,3,False,False,-0.42057100595584823,-0.3898986532812148,1
347,2,942,1,0,0,305,3,False,False,0.8140298955240834,-0.3898986532812148,1
348,3,270,1,1,0,579,3,True,False,-0.11192078058586531,-0.32937785441801504,1
349,3,235,2,1,1,672,3,False,False,-2.0409846891482584,-0.33328242208660863,1
350,3,281,2,0,0,311,3,False,False,0.9683550082090748,-0.474578964593837,0
351,3,749,2,0,0,602,3,False,False,-0.4977335622983439,-0.4635973680259177,0
352,1,1072,2,0,0,34,3,True,False,-0.11192078058586531,0.03960379026407365,0
353,3,312,2,1,1,257,1,False,False,-1.1150340130383098,-0.5025610487908126,0
354,3,43,2,1,0,455,3,False,False,-0.3434084496133525,-0.29618902923497004,0
355,3,1083,2,0,0,217,1,True,False,-0.11192078058586531,-0.5026430447118531,0
356,3,1029,2,0,0,379,3,False,False,-0.11192078058586531,-0.4582285874816016,0
357,1,127,1,0,1,32,3,False,False,-0.5748961186408397,0.43006055712342683,1
358,2,352,1,0,0,156,3,False,False,0.659704782839092,-0.3898986532812148,0
359,3,651,1,0,0,333,2,True,False,-0.11192078058586531,-0.4898712038678836,1
360,3,678,1,0,0,342,2,True,False,-0.11192078058586531,-0.4898712038678836,1
361,3,933,2,1,4,405,3,False,False,0.8140298955240834,-0.09900836197099674,0
362,2,1094,2,1,0,756,1,False,False,-0.03475822424336958,-0.10250685460205651,0
363,3,77,1,0,1,253,1,False,False,1.199842677236562,-0.3615085417628712,0
364,3,46,2,0,0,766,3,False,False,0.42821711381160477,-0.5060595414218724,0
365,3,739,2,1,0,551,2,True,False,-0.11192078058586531,-0.34109155742379565,0
366,3,8,2,0,0,651,3,False,False,0.04240433209912615,-0.5021549737532789,0
367,1,1041,1,1,0,6,1,False,False,2.357281022373998,0.8253980335685219,1
368,3,696,1,0,0,210,1,True,False,-0.11192078058586531,-0.5025610487908126,1
369,3,498,1,0,0,91,2,True,False,-0.11192078058586531,-0.492393554581795,1
370,1,59,1,0,0,693,1,False,False,-0.42057100595584823,0.7092371454278643,1
371,1,416,2,1,0,65,1,False,False,-0.3434084496133525,0.4386837948195156,1
372,3,1062,2,1,0,291,3,False,False,-0.8835463440108225,-0.5168790984315451,0
373,3,91,2,0,0,323,3,False,False,-0.8063837876683269,-0.48653670307890473,0
374,1,846,2,0,0,731,1,False,False,-0.5748961186408397,2.0042514380834406,0
375,3,770,1,3,1,475,3,False,False,-2.0409846891482584,-0.232251733661751,0
376,1,666,1,1,0,717,1,True,False,-0.11192078058586531,0.9605116931725325,1
377,3,568,1,0,0,652,3,False,False,-0.5748961186408397,-0.5021549737532789,1
378,1,1061,2,0,2,31,1,False,False,-0.18908333692836105,3.4853847577978656,0
379,3,102,2,0,0,218,1,False,False,-0.7292212313258312,-0.5653601628886367,0
380,3,402,2,0,0,390,3,False,False,-0.8063837876683269,-0.49190548362322084,0
381,1,103,1,0,0,728,1,False,False,0.9683550082090748,3.7982382422439223,1
382,3,709,1,0,2,222,1,False,False,-2.19530980183325,-0.3363728873963004,1
383,3,1002,2,0,0,794,3,False,False,0.1967294447841176,-0.4889770578717757,0
384,1,467,1,1,0,49,3,False,False,0.42821711381160477,0.37149204209452386,1
385,3,817,2,0,0,447,3,True,False,-0.11192078058586531,-0.48954712475139034,0
386,2,264,2,0,0,742,3,False,False,-0.8835463440108225,0.7912330664683285,0
387,3,382,2,5,2,676,3,False,False,-2.19530980183325,0.27192556654538874,0
388,2,151,1,0,0,265,3,False,False,0.5053796701541005,-0.3898986532812148,1
389,3,879,2,0,0,536,2,True,False,-0.11192078058586531,-0.49279962961932877,0
390,2,584,1,0,0,746,1,False,False,-0.9607089003533184,-0.4094214916241825,1
391,1,180,2,1,2,37,3,False,False,0.5053796701541005,1.6990450494163247,1
392,3,490,2,0,0,482,3,False,False,-0.6520586749833354,-0.49149940858568714,1
393,3,401,2,2,0,293,3,False,False,-0.11192078058586531,-0.4889770578717757,0
394,1,721,1,1,0,500,1,False,False,-0.4977335622983439,1.5677539615598672,1
395,3,896,1,0,2,734,3,False,False,-0.42057100595584823,-0.31766415141223453,1
396,3,503,2,0,0,492,3,False,False,-0.5748961186408397,-0.49149940858568714,0
397,3,755,1,0,0,497,3,False,False,0.11956688844162187,-0.4903592748264578,0
398,2,654,2,0,0,273,3,False,False,1.2770052335790578,-0.13610175482263526,0
399,2,768,2,0,0,176,3,False,False,-0.4977335622983439,-0.43870574913863397,0
400,2,1014,1,0,0,170,3,False,False,-0.11192078058586531,-0.39673164670125355,1
401,3,732,2,0,0,791,3,False,False,0.7368673391815876,-0.4889770578717757,1
402,3,9,2,0,0,352,3,False,False,-0.26624589327085674,-0.48653670307890473,0
403,3,519,1,1,0,589,3,False,False,-0.6520586749833354,-0.45188366502013716,0
404,3,406,2,1,0,798,3,False,False,-0.11192078058586531,-0.334258564003757,0
405,3,759,1,0,0,316,3,False,False,-0.7292212313258312,-0.474578964593837,0
406,2,356,2,1,0,277,3,False,False,0.3510545574691091,-0.23371594653747357,0
407,3,1060,2,0,0,386,3,False,False,1.6628180152915364,-0.492393554581795,0
408,2,843,2,1,1,284,3,False,False,-2.0409846891482584,-0.2776423328091508,1
409,3,106,2,0,0,303,3,False,False,-0.6520586749833354,-0.49190548362322084,0
410,3,580,1,3,1,585,3,True,False,-0.11192078058586531,-0.14651328451093992,0
411,3,903,2,0,0,442,3,True,False,-0.11192078058586531,-0.48954712475139034,0
412,3,431,2,0,0,584,2,True,False,-0.11192078058586531,-0.5098020695322193,0
413,1,671,1,1,0,108,2,False,False,0.2738920011266133,1.1133598991272948,1
414,2,246,2,0,0,162,3,True,False,-0.11192078058586531,-0.6436955517397944,0
415,3,977,2,0,0,783,3,False,False,1.1226801208940664,-0.4889770578717757,1
416,3,658,1,0,0,357,3,True,False,-0.11192078058586531,-0.48653670307890473,0
417,2,297,1,1,1,270,3,False,False,0.3510545574691091,-0.009203305593345491,1
418,2,915,1,0,2,201,3,False,False,-0.8835463440108225,-0.3898986532812148,1
419,2,638,2,0,0,272,3,False,False,0.04240433209912615,-0.3898986532812148,0
420,3,1023,1,0,2,372,3,False,False,-1.5008467947507884,-0.17221900575712545,0
421,3,364,2,0,0,471,1,True,False,-0.11192078058586531,-0.48954712475139034,0
422,3,197,2,0,0,640,2,False,False,-0.6520586749833354,-0.4927195859821226,0
423,3,1090,2,0,0,307,3,False,False,-0.03475822424336958,-0.4899531997889241,0
424,3,255,1,1,1,399,3,False,False,-0.11192078058586531,-0.36256667960106015,0
425,3,858,2,1,1,550,3,False,False,-0.8835463440108225,-0.24909018173256062,0
426,3,1075,2,0,0,627,3,True,False,-0.11192078058586531,-0.5021549737532789,0
427,2,207,1,1,0,116,3,False,False,-0.11192078058586531,-0.13610175482263526,1
428,2,814,1,0,0,203,3,False,False,-0.8063837876683269,-0.13610175482263526,1
429,3,326,2,0,0,523,2,True,False,-0.11192078058586531,-0.492393554581795,0
430,3,815,2,0,0,770,3,False,False,0.1967294447841176,-0.48653670307890473,1
431,1,112,2,0,0,5,3,False,False,-0.11192078058586531,-0.12536419373400304,1
432,3,1001,1,1,0,570,3,True,False,-0.11192078058586531,-0.32937785441801504,1
433,2,611,1,1,0,750,3,False,False,0.9683550082090748,-0.13610175482263526,1
434,3,521,2,0,0,785,3,False,False,-0.9607089003533184,-0.5045953285461499,0
435,1,917,2,1,0,83,3,False,False,1.5856554589490406,0.4476311116320977,0
436,1,179,1,1,2,37,3,False,False,-1.1921965693808054,1.6990450494163247,1
437,3,331,1,2,2,807,3,False,False,-0.6520586749833354,0.027402016299718866,0
438,2,844,1,2,3,284,3,False,False,-0.42057100595584823,-0.2776423328091508,1
439,1,341,2,1,4,111,3,False,False,2.6659312477439805,4.4908109324606995,0
440,2,559,2,0,0,654,3,False,False,0.11956688844162187,-0.43870574913863397,0
441,2,432,1,1,1,682,3,False,False,1.199842677236562,-0.13122104523689335,1
442,3,411,2,0,0,370,3,False,False,-0.7292212313258312,-0.4582285874816016,0
443,3,810,2,1,0,396,3,False,False,-0.3434084496133525,-0.49190548362322084,0
444,2,834,1,0,0,135,3,False,False,-0.11192078058586531,-0.3898986532812148,1
445,3,500,2,0,0,597,3,True,False,-0.11192078058586531,-0.48531652568246925,1
446,1,283,2,0,2,348,3,False,False,-1.9638221328057628,0.9544108061903551,1
447,2,659,1,0,1,195,3,False,False,-1.2693591257233012,-0.26300020405192504,1
448,1,906,2,0,0,52,3,False,False,0.3510545574691091,-0.12536419373400304,1
449,3,66,1,2,1,232,1,False,False,-1.886659576463267,-0.26771887407942035,1
450,1,812,2,0,0,46,3,False,False,1.7399805716340322,-0.04824898227928081,1
451,2,1053,2,1,2,671,3,False,False,0.5053796701541005,-0.10193678772244187,0
452,3,404,2,1,0,594,3,True,False,-0.11192078058586531,-0.25388889539726206,0
453,1,336,2,0,0,25,1,False,False,0.04240433209912615,-0.10193678772244187,0
454,1,373,2,1,0,97,1,False,False,1.508492902606545,1.0958713405396645,1
455,3,792,2,0,0,634,3,True,False,-0.11192078058586531,-0.48653670307890473,0
456,3,489,2,0,0,458,1,False,False,-0.03475822424336958,-0.48954712475139034,1
457,1,668,2,0,0,84,3,False,False,2.7430938040864765,-0.12536419373400304,0
458,1,543,1,1,0,99,3,True,False,-0.11192078058586531,0.36880765182236575,1
459,2,1006,1,0,0,683,3,False,False,1.5856554589490406,-0.43870574913863397,1
460,3,743,2,0,0,561,2,True,False,-0.11192078058586531,-0.492393554581795,0
461,1,25,2,0,0,112,3,False,False,1.4313303462640492,-0.12536419373400304,1
462,3,691,2,0,0,515,3,False,False,0.3510545574691091,-0.48653670307890473,0
463,1,362,2,0,0,9,3,False,False,1.3541677899215534,0.10793372446446045,0
464,2,669,2,0,0,142,3,False,False,1.4313303462640492,-0.3898986532812148,0
465,3,623,2,0,0,645,3,True,False,-0.11192078058586531,-0.48653670307890473,0
466,3,380,2,0,0,764,3,False,False,0.659704782839092,-0.5060595414218724,0
467,2,167,2,0,0,162,3,True,False,-0.11192078058586531,-0.6436955517397944,0
468,1,940,2,0,0,51,3,False,False,2.048630797004015,-0.12536419373400304,0
469,3,900,2,0,0,506,2,True,False,-0.11192078058586531,-0.4928816255403692,0
470,3,65,1,2,1,232,1,False,False,-2.2146004409188738,-0.26771887407942035,1
471,3,535,2,0,0,322,3,True,False,-0.11192078058586531,-0.5021549737532789,0
472,3,158,2,0,0,312,3,False,False,0.659704782839092,-0.474578964593837,0
473,2,1054,1,1,2,671,3,False,False,0.2738920011266133,-0.10193678772244187,1
474,2,499,1,0,0,751,1,False,False,-0.4977335622983439,-0.37444242216508733,1
475,3,970,1,0,0,610,3,False,False,-0.5748961186408397,-0.4516396295408501,0
476,1,209,2,0,0,3,3,True,False,-0.11192078058586531,0.37149204209452386,0
477,2,831,2,1,0,300,3,False,False,0.3510545574691091,-0.23371594653747357,0
478,3,134,2,1,0,380,3,False,False,-0.03475822424336958,-0.5061415373429129,0
479,3,527,2,0,0,493,3,False,False,-0.5748961186408397,-0.4968681891300032,0
480,3,456,1,0,1,299,3,False,False,-2.1181472454907544,-0.40380867560057926,1
481,3,381,2,5,2,676,3,False,False,-1.5780093510932842,0.27192556654538874,0
482,2,350,2,0,0,163,3,True,False,-0.11192078058586531,-0.6436955517397944,0
483,3,866,2,0,0,637,3,False,False,1.5856554589490406,-0.48653670307890473,0
484,3,1019,1,0,0,586,3,False,False,2.588768691401485,-0.456520339126592,1
485,1,108,2,1,0,73,1,False,False,-0.3434084496133525,1.1344289462670256,1
486,3,581,1,3,1,585,3,True,False,-0.11192078058586531,-0.14651328451093992,0
487,1,476,1,1,0,109,3,False,False,0.42821711381160477,1.1133598991272948,1
488,1,542,2,0,0,69,1,False,False,2.2029559096890066,-0.06386725295365495,0
489,3,951,2,0,0,621,3,False,False,0.04240433209912615,-0.48653670307890473,0
490,3,234,2,1,1,672,3,False,False,-1.5780093510932842,-0.33328242208660863,1
491,3,405,2,1,0,595,3,True,False,-0.11192078058586531,-0.25388889539726206,0
492,3,1073,2,0,0,775,3,False,False,-0.6520586749833354,-0.5021549737532789,0
493,1,680,2,0,0,47,3,False,False,1.9714682406615194,-0.04824898227928081,0
494,1,45,2,0,0,720,1,False,False,3.206069142141451,0.3227669421581451,0
495,3,960,2,0,0,623,3,False,False,-0.6520586749833354,-0.48653670307890473,0
496,3,1084,2,0,0,211,1,True,False,-0.11192078058586531,-0.3614284981256651,0
497,1,317,1,1,0,545,1,False,False,1.8943056843190236,0.8842925799977525,1
498,3,910,2,0,0,674,3,True,False,-0.11192078058586531,-0.34890069276098273,0
499,1,22,1,1,2,43,3,False,False,-0.3434084496133525,2.3149905991369546,0
500,3,982,2,0,0,483,3,False,False,-0.42057100595584823,-0.49149940858568714,0
501,3,165,2,0,0,309,3,False,False,-0.9607089003533184,-0.474578964593837,0
502,3,168,1,0,0,519,2,False,False,-0.6520586749833354,-0.492393554581795,0
503,3,748,1,0,0,328,2,True,False,-0.11192078058586531,-0.4947519134536255,0
504,3,563,1,0,0,587,3,False,False,0.5825422264965963,-0.456520339126592,0
505,1,622,1,0,0,1,3,False,False,-1.037871456695814,1.0450299649269081,1
506,1,795,2,1,0,729,1,False,False,-0.8835463440108225,1.4823415438093839,0
507,2,824,1,0,2,215,3,False,False,0.2738920011266133,-0.13610175482263526,1
508,1,130,2,0,0,13,3,True,False,-0.11192078058586531,-0.12536419373400304,1
509,3,752,2,0,0,649,3,False,False,-0.11192078058586531,-0.2039436180644479,0
510,3,570,2,0,0,93,3,False,False,-0.26624589327085674,0.4592628187168379,1
511,3,251,2,0,0,573,2,False,False,-0.03475822424336958,-0.492393554581795,1
512,3,1046,2,0,0,774,3,True,False,-0.11192078058586531,-0.48653670307890473,0
513,1,650,2,0,0,689,3,False,False,0.5053796701541005,-0.13048893879903203,1
514,1,865,1,1,0,716,1,False,False,1.8943056843190236,0.5159610458324845,1
515,3,213,2,0,0,429,3,False,False,-0.42057100595584823,-0.4973562600885774,0
516,1,1039,2,0,0,547,3,False,False,1.3541677899215534,0.020487026958639746,0
517,2,588,1,0,0,670,3,False,False,0.3510545574691091,-0.43870574913863397,1
518,3,870,2,0,0,562,2,True,False,-0.11192078058586531,-0.17221900575712545,0
519,2,41,1,1,0,129,3,False,False,0.5053796701541005,-0.13610175482263526,1
520,3,786,2,0,0,460,3,False,False,0.1967294447841176,-0.48954712475139034,0
521,1,800,1,0,0,76,3,False,False,0.04240433209912615,1.1816898333276817,1
522,3,1037,2,0,0,469,3,False,False,-0.5748961186408397,-0.48954712475139034,0
523,3,560,2,0,0,208,1,True,False,-0.11192078058586531,-0.5026430447118531,0
524,1,455,1,0,1,10,1,False,False,1.1226801208940664,0.48822299711479605,1
525,3,530,2,0,0,262,1,True,False,-0.11192078058586531,-0.5025610487908126,0
526,3,320,2,0,0,535,2,False,False,0.8526111736953312,-0.492393554581795,0
527,2,845,1,0,0,804,3,False,False,1.5856554589490406,-0.43870574913863397,1
528,1,321,2,0,0,695,3,True,False,-0.11192078058586531,3.686063917692899,0
529,3,891,2,0,0,297,3,False,False,0.7368673391815876,-0.4889770578717757,0
530,2,459,2,2,1,282,3,False,False,-0.4977335622983439,-0.41918291079566633,0
531,2,822,1,1,1,215,3,False,False,-2.1181472454907544,-0.13610175482263526,1
532,3,1010,2,0,0,216,1,True,False,-0.11192078058586531,-0.5025610487908126,0
533,3,311,2,1,1,252,1,False,False,-0.9607089003533184,-0.5025610487908126,0
534,3,804,1,0,2,234,1,True,False,-0.11192078058586531,-0.2071980752162206,1
535,3,157,1,0,0,308,3,False,False,0.04240433209912615,-0.474578964593837,0
536,2,429,1,0,2,682,3,False,False,-1.7323344637782756,-0.13122104523689335,1
537,1,153,2,0,0,24,3,False,False,1.199842677236562,-0.12536419373400304,0
538,1,576,1,0,0,732,1,False,False,0.04240433209912615,1.4340225189105384,1
539,3,848,2,0,0,512,3,True,False,-0.11192078058586531,-0.36061439576676335,0
540,1,348,1,0,2,86,1,False,False,-0.5748961186408397,0.3226849462371047,1
541,1,243,1,0,2,811,3,False,False,0.5053796701541005,0.7424259706109093,1
542,3,30,1,4,2,401,3,False,False,-1.5780093510932842,-0.0331187825634809,0
543,3,31,1,4,2,401,3,False,False,-1.4236842384082926,-0.0331187825634809,0
544,2,87,2,1,0,280,3,False,False,0.1967294447841176,-0.13610175482263526,1
545,1,289,2,1,0,732,1,False,False,1.5856554589490406,1.4340225189105384,0
546,1,725,2,0,0,599,3,False,False,2.6659312477439805,-0.13610175482263526,0
547,2,88,1,1,0,280,3,False,False,-0.8063837876683269,-0.13610175482263526,1
548,2,767,2,0,0,754,1,True,False,-0.11192078058586531,-0.3730602052104052,1
549,3,377,2,1,1,509,3,False,False,0.2738920011266133,-0.24298929475038322,0
550,2,262,2,1,1,667,3,False,False,-1.6551719074357798,0.07376875736426705,1
551,1,992,2,0,2,96,1,False,False,-0.9607089003533184,1.5210611890949912,1
552,2,907,2,0,0,178,3,False,False,-0.18908333692836105,-0.13610175482263526,0
553,3,740,2,0,0,341,2,True,False,-0.11192078058586531,-0.490847345785032,0
554,3,578,2,0,0,205,1,False,False,-0.5748961186408397,-0.5026430447118531,1
555,3,750,1,0,0,403,3,False,False,-0.5748961186408397,-0.49190548362322084,1
556,1,1078,2,0,0,59,3,False,False,2.5116061350589893,-0.12536419373400304,0
557,1,299,1,1,0,64,1,False,False,1.4313303462640492,0.12940884664172492,1
558,1,849,2,0,0,728,1,True,False,-0.11192078058586531,3.7982382422439223,0
559,1,987,1,1,1,2,3,False,False,0.7368673391815876,0.9112985222775797,1
560,3,1091,1,1,0,364,3,False,False,0.5053796701541005,-0.30399816457215717,1
561,3,692,2,0,0,564,2,True,False,-0.11192078058586531,-0.492393554581795,0
562,3,925,2,0,0,468,3,False,False,0.8140298955240834,-0.48954712475139034,0
563,2,733,2,0,0,121,3,False,False,-0.11192078058586531,-0.380137234109731,0
564,3,919,2,0,0,777,3,True,False,-0.11192078058586531,-0.48653670307890473,0
565,3,657,1,0,0,771,3,True,False,-0.11192078058586531,-0.48653670307890473,0
566,3,263,2,2,0,624,3,False,False,-0.42057100595584823,-0.17221900575712545,0
567,3,969,2,0,0,425,3,False,False,-0.8063837876683269,-0.48954712475139034,0
568,3,772,1,0,4,475,3,False,False,-0.03475822424336958,-0.232251733661751,0
569,3,284,2,0,0,249,1,True,False,-0.11192078058586531,-0.5025610487908126,0
570,3,517,2,0,0,499,3,False,False,0.1967294447841176,-0.4903592748264578,1
571,2,424,2,0,0,745,3,False,False,2.5116061350589893,-0.43870574913863397,1
572,1,42,1,2,0,67,3,False,False,1.8171431279765278,0.3613245478855063,1
573,1,328,2,0,0,690,3,False,False,0.5053796701541005,-0.12853665496473532,1
574,3,538,1,0,0,90,2,True,False,-0.11192078058586531,-0.492393554581795,1
575,3,868,2,0,0,626,3,False,False,-1.037871456695814,-0.48653670307890473,0
576,3,784,2,0,0,504,3,False,False,-0.8063837876683269,-0.36061439576676335,0
577,2,359,1,0,0,173,3,False,False,0.3510545574691091,-0.3898986532812148,1
578,1,918,1,1,0,83,3,False,False,0.7368673391815876,0.4476311116320977,1
579,3,170,1,1,0,251,1,True,False,-0.11192078058586531,-0.3614284981256651,0
580,3,520,2,0,0,789,3,False,False,0.1967294447841176,-0.4889770578717757,1
581,2,204,1,1,1,159,3,False,False,-0.3434084496133525,-0.05801040145076464,1
582,1,993,1,1,1,96,1,False,False,0.7368673391815876,1.5210611890949912,1
583,2,292,2,0,0,273,3,False,False,1.8943056843190236,-0.13610175482263526,0
584,1,861,2,0,0,77,1,False,False,0.5053796701541005,0.1396583367717829,0
585,3,785,2,0,0,351,1,True,False,-0.11192078058586531,-0.4736028226766887,0
586,1,985,1,0,2,2,3,False,False,-0.8835463440108225,0.9112985222775797,1
587,2,492,2,0,0,154,3,False,False,1.3541677899215534,-0.35085297659527953,0
588,1,349,2,1,1,85,1,False,False,2.357281022373998,0.9025132450232441,1
589,3,367,2,0,0,92,3,False,False,-0.5748961186408397,-0.48653670307890473,0
590,3,701,2,0,0,618,3,True,False,-0.11192078058586531,-0.48653670307890473,0
591,3,847,2,0,0,784,3,False,False,0.42821711381160477,-0.5045953285461499,0
592,1,965,1,1,0,545,1,False,False,1.7399805716340322,0.8842925799977525,1
593,3,313,2,0,0,638,3,False,False,1.3541677899215534,-0.5021549737532789,0
594,3,122,1,0,2,520,2,True,False,-0.11192078058586531,-0.492393554581795,0
595,2,195,2,1,0,749,3,False,False,0.5825422264965963,-0.13610175482263526,0
596,3,1024,2,1,1,372,3,False,False,0.5053796701541005,-0.17221900575712545,0
597,2,586,1,0,0,186,3,True,False,-0.11192078058586531,0.0005581135781383373,1
598,3,508,2,0,0,686,3,False,False,1.508492902606545,-0.6436955517397944,0
599,3,120,2,0,0,230,1,True,False,-0.11192078058586531,-0.5026430447118531,0
600,1,300,2,1,0,696,1,False,False,1.508492902606545,0.46772401685468007,1
601,2,488,1,2,1,172,3,False,False,-0.42057100595584823,-0.11657891647966762,1
602,3,935,2,0,0,434,3,True,False,-0.11192078058586531,-0.48954712475139034,0
603,1,423,2,0,0,53,3,True,False,-0.11192078058586531,0.1840727940020343,0
604,3,1007,2,0,0,516,3,False,False,1.1226801208940664,-0.48653670307890473,0
605,1,468,2,0,0,12,1,False,False,0.42821711381160477,-0.12536419373400304,1
606,3,600,2,1,0,476,3,False,False,0.5053796701541005,-0.34011541550664726,0
607,3,525,2,0,0,464,3,False,False,0.04240433209912615,-0.48954712475139034,0
608,1,256,2,0,0,57,3,False,False,-0.18908333692836105,-0.04824898227928081,1
609,2,573,1,1,2,758,1,False,False,-0.5748961186408397,0.16804844829012647,1
610,1,914,1,0,0,702,3,False,False,0.8140298955240834,2.35232802746788,1
611,3,34,1,1,5,401,3,False,False,0.7368673391815876,-0.0331187825634809,0
612,3,491,2,0,0,763,3,True,False,-0.11192078058586531,-0.5060595414218724,0
613,3,703,1,1,0,533,2,True,False,-0.11192078058586531,-0.34109155742379565,1
614,3,471,2,0,0,560,2,True,False,-0.11192078058586531,-0.492393554581795,0
615,3,138,2,0,0,517,3,False,False,0.42821711381160477,-0.48653670307890473,0
616,2,447,1,1,2,125,3,False,False,-0.42057100595584823,0.6252889405531034,1
617,3,254,2,1,1,399,3,False,False,0.3510545574691091,-0.36256667960106015,0
618,3,607,1,1,0,642,3,False,False,-0.26624589327085674,-0.32937785441801504,0
619,2,93,1,2,1,133,3,False,False,-1.9638221328057628,0.11769514363594429,1
620,2,361,2,0,0,301,3,False,False,-0.26624589327085674,-0.43870574913863397,0
621,3,1079,2,1,0,225,1,False,False,-0.18908333692836105,-0.3615085417628712,0
622,1,548,2,1,0,63,3,False,False,0.9683550082090748,0.38231159910419654,1
623,3,710,2,1,1,222,1,False,False,-0.7292212313258312,-0.3363728873963004,1
624,3,415,2,0,0,480,3,False,False,-0.6520586749833354,-0.4903592748264578,0
625,3,125,2,0,0,592,3,False,False,-0.6520586749833354,-0.32937785441801504,0
626,1,979,2,0,0,546,3,False,False,2.4344435787164938,-0.012701798224405326,0
627,2,553,2,0,0,122,2,False,False,2.125793353346511,-0.4025884982041438,0
628,1,609,1,0,0,82,3,False,False,-0.6520586749833354,0.8782717366527811,1
629,3,117,2,0,0,444,3,False,False,-0.26624589327085674,-0.48954712475139034,0
630,3,742,2,0,0,343,2,True,False,-0.11192078058586531,-0.4927195859821226,0
631,1,79,2,0,0,263,3,False,False,3.9005321492239124,-0.05801040145076464,1
632,3,614,2,0,0,417,3,False,False,1.6628180152915364,-0.5059775455008318,0
633,1,956,2,0,0,80,1,False,False,0.1967294447841176,-0.04824898227928081,1
634,1,780,2,0,0,16,3,True,False,-0.11192078058586531,-0.6436955517397944,0
635,3,931,1,3,2,405,3,False,False,-1.5780093510932842,-0.09900836197099674,0
636,2,268,1,0,0,155,3,False,False,-0.11192078058586531,-0.3898986532812148,1
637,3,585,2,0,0,793,3,False,False,0.1967294447841176,-0.4889770578717757,0
638,2,219,2,1,1,665,3,False,False,0.11956688844162187,-0.13122104523689335,0
639,3,778,1,0,5,296,3,False,False,0.8911924518665791,0.13111709499673455,0
640,3,1000,2,1,0,570,3,True,False,-0.11192078058586531,-0.32937785441801504,0
641,3,495,2,0,0,491,3,False,False,-0.7292212313258312,-0.4903592748264578,0
642,1,888,1,0,0,693,1,False,False,-0.42057100595584823,0.7092371454278643,1
643,3,932,1,3,2,405,3,False,False,-2.1181472454907544,-0.09900836197099674,0
644,3,330,2,0,0,93,3,True,False,-0.11192078058586531,0.4592628187168379,1
645,3,64,1,2,1,232,1,False,False,-2.2146004409188738,-0.26771887407942035,1
646,1,420,2,1,0,701,1,False,False,1.4313303462640492,0.8542762160454398,1
647,3,229,2,0,0,450,3,False,False,-0.8063837876683269,-0.48954712475139034,0
648,1,920,2,0,0,79,1,False,False,2.048630797004015,0.049365209435557486,1
649,3,1066,2,0,0,740,3,True,False,-0.11192078058586531,-0.49629812225038855,0
650,3,959,1,0,0,677,3,False,False,-0.4977335622983439,-0.49629812225038855,1
651,3,676,2,0,0,441,3,True,False,-0.11192078058586531,-0.48954712475139034,0
652,2,285,1,0,1,136,3,False,False,-0.8835463440108225,-0.19467026985153824,1
653,3,522,2,0,0,614,3,False,False,-0.6520586749833354,-0.47905359914204526,0
654,3,747,1,0,0,330,2,True,False,-0.11192078058586531,-0.490847345785032,1
655,3,441,1,0,0,526,2,False,False,-0.8835463440108225,-0.5119163929247627,0
656,2,450,2,2,0,742,3,False,False,-0.42057100595584823,0.7912330664683285,0
657,3,825,2,0,0,443,3,True,False,-0.11192078058586531,-0.48954712475139034,0
658,3,124,1,1,1,521,2,False,False,0.1967294447841176,-0.34109155742379565,0
659,2,307,2,0,0,288,3,False,False,-0.4977335622983439,-0.3898986532812148,0
660,1,722,2,0,2,500,1,False,False,2.2029559096890066,1.5677539615598672,0
661,1,346,2,2,0,722,3,False,False,1.5856554589490406,1.9655317927978333,1
662,3,69,2,0,0,207,1,False,False,0.8140298955240834,-0.5026430447118531,0
663,1,217,2,0,0,593,3,False,False,1.3541677899215534,-0.14415492563910945,0
664,3,212,2,0,0,430,3,False,False,0.5053796701541005,-0.4973562600885774,0
665,3,601,2,1,0,788,3,False,False,-0.7292212313258312,-0.4889770578717757,1
666,2,451,2,2,0,742,3,False,False,0.1967294447841176,0.7912330664683285,0
667,2,152,2,0,0,144,3,False,False,-0.3434084496133525,-0.3898986532812148,0
668,3,856,2,0,0,304,3,True,False,-0.11192078058586531,-0.49190548362322084,0
669,3,227,2,0,0,635,3,False,False,1.0455175645515706,-0.48653670307890473,0
670,1,989,1,1,0,115,3,True,False,-0.11192078058586531,0.37149204209452386,1
671,2,143,1,1,1,287,3,False,False,0.8140298955240834,0.11769514363594429,1
672,1,260,2,1,0,679,3,False,False,0.11956688844162187,0.37149204209452386,0
673,2,675,2,0,0,657,3,False,False,3.128906585798955,-0.43870574913863397,0
674,2,1063,2,0,0,175,3,False,False,0.11956688844162187,-0.3898986532812148,1
675,2,1042,2,0,0,165,3,True,False,-0.11192078058586531,-0.6436955517397944,0
676,3,306,2,0,0,477,3,False,False,-0.8835463440108225,-0.49190548362322084,0
677,3,899,2,0,0,356,3,False,False,-0.38198972778460033,-0.48653670307890473,0
678,3,1018,1,0,0,590,3,False,False,-0.8835463440108225,-0.4515576336198096,1
679,3,388,1,1,6,676,3,False,False,1.0455175645515706,0.27192556654538874,0
680,1,172,2,0,1,726,1,False,False,0.5053796701541005,9.358424598242152,1
681,3,805,1,0,0,335,2,True,False,-0.11192078058586531,-0.4848284547238951,0
682,1,433,2,0,0,701,1,False,False,-0.18908333692836105,0.8542762160454398,1
683,3,757,2,0,0,598,3,False,False,-0.7292212313258312,-0.4635973680259177,0
684,3,386,2,5,2,676,3,False,False,-1.1921965693808054,0.27192556654538874,0
685,2,141,2,1,1,287,3,False,False,2.357281022373998,0.11769514363594429,0
686,2,572,2,1,2,758,1,False,False,-0.3434084496133525,0.16804844829012647,0
687,3,777,2,4,1,296,3,False,False,-1.1921965693808054,0.13111709499673455,0
688,3,250,2,0,0,448,3,False,False,-0.8063837876683269,-0.44513266752113895,0
689,3,323,2,0,0,484,3,False,False,-0.8835463440108225,-0.49149940858568714,0
690,1,619,1,0,1,171,3,False,False,-1.1150340130383098,3.482212296567133,1
691,1,278,2,1,0,102,3,False,False,0.11956688844162187,0.4691062338093621,1
692,3,528,1,0,1,473,1,False,False,-1.9638221328057628,-0.38176348654370024,1
693,3,565,2,0,0,93,3,True,False,-0.11192078058586531,0.4592628187168379,1
694,3,877,2,0,0,239,1,False,False,-0.3434084496133525,-0.5026430447118531,0
695,1,1047,2,0,0,55,3,False,False,2.357281022373998,-0.12536419373400304,0
696,2,194,2,0,0,187,3,False,False,1.7399805716340322,-0.380137234109731,0
697,3,539,2,0,0,511,3,False,False,1.1226801208940664,-0.48653670307890473,0
698,3,699,1,0,0,503,2,True,False,-0.11192078058586531,-0.4927195859821226,1
699,1,991,2,1,1,96,1,False,False,1.508492902606545,1.5210611890949912,0
700,3,477,2,0,0,418,3,False,False,0.9683550082090748,-0.4943458384160918,0
701,1,56,1,1,0,728,1,False,False,-0.8835463440108225,3.7982382422439223,1
702,1,916,2,0,0,691,3,False,False,0.42821711381160477,-0.13048893879903203,1
703,3,76,1,0,1,253,1,False,False,-0.8835463440108225,-0.3615085417628712,0
704,3,357,2,0,0,538,2,False,False,-0.3434084496133525,-0.49255559414004163,0
705,3,414,2,1,0,478,3,False,False,-0.26624589327085674,-0.4903592748264578,0
706,2,690,2,0,0,203,3,False,False,0.7368673391815876,-0.13610175482263526,0
707,2,540,1,0,0,127,3,False,False,1.199842677236562,-0.380137234109731,1
708,1,160,2,0,0,692,3,False,False,0.9683550082090748,-0.13048893879903203,1
709,1,208,1,0,0,43,3,False,False,-0.5748961186408397,2.3149905991369546,1
710,3,695,2,1,1,227,1,True,False,-0.11192078058586531,-0.34605426293057806,1
711,1,640,1,0,0,694,1,False,False,-0.42057100595584823,0.3227669421581451,1
712,1,554,2,0,0,22,3,True,False,-0.11192078058586531,-0.12536419373400304,0
713,1,988,2,1,0,115,3,False,False,1.4313303462640492,0.37149204209452386,1
714,3,574,2,0,0,606,3,False,False,-0.03475822424336958,-0.45855461888192917,0
715,2,394,2,0,0,197,3,False,False,1.7399805716340322,-0.3898986532812148,0
716,3,950,2,0,0,421,3,False,False,-0.8063837876683269,-0.4943458384160918,0
717,1,316,1,0,0,728,1,False,False,0.659704782839092,3.7982382422439223,1
718,2,1015,1,0,0,353,3,False,False,-0.18908333692836105,-0.43870574913863397,1
719,3,649,2,0,0,528,2,True,False,-0.11192078058586531,-0.34109155742379565,0
720,3,509,2,0,0,384,3,False,False,0.2738920011266133,-0.49190548362322084,0
721,2,419,1,0,1,186,3,False,False,-1.8094970201207714,0.0005581135781383373,1
722,3,497,2,1,0,490,3,False,False,-0.9607089003533184,-0.5059775455008318,0
723,2,369,2,0,0,74,3,False,False,0.3510545574691091,-0.3898986532812148,0
724,2,461,2,0,0,194,3,False,False,1.5856554589490406,-0.3898986532812148,0
725,1,192,2,1,0,58,3,False,False,-0.18908333692836105,0.3929671642717883,1
726,3,760,2,0,0,315,3,False,False,-0.7292212313258312,-0.474578964593837,0
727,2,832,1,3,0,300,3,False,False,0.04240433209912615,-0.23371594653747357,1
728,3,630,1,0,0,540,2,True,False,-0.11192078058586531,-0.4926375900610821,1
729,2,144,2,1,0,149,3,False,False,-0.3434084496133525,-0.13610175482263526,0
730,3,484,1,1,0,797,3,False,False,-0.3434084496133525,-0.4889770578717757,0
731,1,18,1,0,0,171,3,False,False,-0.03475822424336958,3.482212296567133,1
732,3,434,2,0,0,261,1,False,False,-1.4236842384082926,-0.2769102263712895,0
733,2,557,2,0,0,164,3,True,False,-0.11192078058586531,-0.6436955517397944,0
734,2,101,2,0,0,275,3,False,False,-0.4977335622983439,-0.3898986532812148,0
735,2,1013,2,0,0,139,3,False,False,-0.4977335622983439,-0.3898986532812148,0
736,3,1070,2,0,0,592,3,False,False,-0.07333950241461744,-0.32937785441801504,0
737,3,335,1,1,3,807,3,False,False,1.4313303462640492,0.027402016299718866,0
738,1,592,2,0,0,726,1,False,False,0.42821711381160477,9.358424598242152,1
739,3,486,2,0,0,422,3,True,False,-0.11192078058586531,-0.48954712475139034,0
740,3,712,2,0,0,438,3,True,False,-0.11192078058586531,-0.48954712475139034,0
741,1,435,2,0,0,95,3,True,False,-0.11192078058586531,-0.05801040145076464,1
742,1,187,2,1,0,106,3,False,False,0.5053796701541005,0.8956802516032053,0
743,1,873,1,2,2,719,1,False,False,-0.6520586749833354,4.478609158496345,1
744,3,656,2,1,0,571,3,False,False,-0.42057100595584823,-0.32937785441801504,0
745,3,971,2,0,0,790,3,False,False,0.11956688844162187,-0.4889770578717757,1
746,1,242,2,1,1,811,3,False,False,3.128906585798955,0.7424259706109093,0
747,3,2,2,1,1,658,3,False,False,-1.037871456695814,-0.2483580752946993,0
748,2,922,1,0,0,198,3,False,False,0.04240433209912615,-0.3898986532812148,1
749,1,634,2,1,0,39,3,False,False,-0.8063837876683269,0.3929671642717883,0
750,3,224,2,0,0,345,2,False,False,0.11956688844162187,-0.492393554581795,0
751,2,1051,1,1,1,281,3,False,False,-1.9638221328057628,-0.19467026985153824,1
752,3,682,2,0,1,583,3,False,False,-1.8094970201207714,-0.4001481434112728,1
753,3,1027,2,0,0,377,3,False,False,0.2738920011266133,-0.4582285874816016,0
754,3,516,2,0,0,424,3,False,False,-0.4977335622983439,-0.48954712475139034,0
755,2,448,1,1,2,125,3,False,False,1.4313303462640492,0.6252889405531034,1
756,2,409,2,1,1,199,3,False,False,-2.2207734454262735,-0.36061439576676335,1
757,3,173,2,0,0,485,3,False,False,-0.11192078058586531,-0.49149940858568714,0
758,2,70,2,0,0,285,3,False,False,-0.8835463440108225,-0.41918291079566633,0
759,3,994,2,0,0,510,3,False,False,0.3510545574691091,-0.48653670307890473,0
760,1,863,1,0,0,1,3,False,False,0.2738920011266133,1.0450299649269081,1
761,3,358,2,0,0,504,3,True,False,-0.11192078058586531,-0.36061439576676335,0
762,3,731,2,0,0,772,3,False,False,0.8911924518665791,-0.5045953285461499,0
763,3,75,2,0,0,229,1,False,False,-0.7292212313258312,-0.5025610487908126,1
764,1,182,1,1,2,37,3,False,False,0.5053796701541005,1.6990450494163247,1
765,3,308,2,0,0,395,3,False,False,-1.037871456695814,-0.49190548362322084,0
766,1,462,1,1,0,82,3,False,False,1.6628180152915364,0.8782717366527811,1
767,1,136,2,0,0,21,1,True,False,-0.11192078058586531,0.12940884664172492,0
768,3,628,1,0,0,522,2,False,False,0.08098561027037401,-0.492393554581795,0
769,3,687,2,1,0,562,2,True,False,-0.11192078058586531,-0.17221900575712545,0
770,3,396,2,0,0,613,3,False,False,0.1967294447841176,-0.4804358160967273,0
771,3,596,2,0,0,378,3,False,False,-0.42057100595584823,-0.4582285874816016,0
772,3,496,2,0,0,489,3,False,False,1.4313303462640492,-0.4903592748264578,0
773,2,617,1,0,0,739,3,False,False,2.125793353346511,-0.43870574913863397,0
774,3,310,2,0,0,241,1,True,False,-0.11192078058586531,-0.5026430447118531,0
775,2,460,1,1,3,283,3,False,False,1.8943056843190236,-0.19467026985153824,1
776,3,705,2,0,0,398,3,False,False,-0.8835463440108225,-0.492393554581795,0
777,3,1003,2,0,0,576,2,True,False,-0.11192078058586531,-0.492393554581795,0
778,3,314,1,0,0,518,3,False,False,-1.886659576463267,-0.4001481434112728,1
779,3,547,2,0,0,539,2,True,False,-0.11192078058586531,-0.4926375900610821,0
780,1,850,1,0,1,171,3,False,False,1.0455175645515706,3.482212296567133,1
781,3,61,1,0,0,250,1,False,False,-1.2693591257233012,-0.5025610487908126,1
782,1,279,1,1,0,102,3,False,False,-0.9607089003533184,0.4691062338093621,1
783,1,608,2,0,0,30,3,False,False,-0.03475822424336958,-0.05801040145076464,0
784,3,513,2,1,2,806,3,True,False,-0.11192078058586531,-0.1858849925972028,0
785,3,17,2,0,0,768,3,False,False,-0.3434084496133525,-0.5060595414218724,0
786,3,418,2,0,0,567,3,False,False,-0.3434084496133525,-0.5021549737532789,0
787,3,927,1,0,0,290,3,False,False,-0.8835463440108225,-0.4973562600885774,1
788,3,839,2,4,1,574,2,False,False,-1.6551719074357798,-0.07509288500086134,0
789,3,271,2,1,2,655,3,False,False,-2.19530980183325,-0.24201315283323482,1
790,1,398,2,0,0,707,1,False,False,1.2770052335790578,0.9025132450232441,0
791,3,533,2,0,0,75,2,True,False,-0.11192078058586531,-0.492393554581795,0
792,2,360,2,0,0,166,3,False,False,-1.037871456695814,-0.13610175482263526,0
793,3,884,1,8,2,678,3,True,False,-0.11192078058586531,0.7141178550136061,0
794,1,475,2,0,0,714,1,True,False,-0.11192078058586531,-0.04442641053172777,0
795,3,259,2,0,0,423,3,False,False,-0.3434084496133525,-0.48954712475139034,0
796,2,765,2,0,0,269,3,False,False,0.7368673391815876,-0.3898986532812148,0
797,1,577,1,0,0,100,3,False,False,1.508492902606545,-0.13748397177731736,1
798,3,762,1,0,0,462,3,False,False,0.11956688844162187,-0.4741728895563033,1
799,3,479,2,0,0,248,1,False,False,0.04240433209912615,-0.5025610487908126,0
800,3,1025,1,1,1,372,3,False,False,0.04240433209912615,-0.17221900575712545,0
801,2,818,2,0,0,197,3,False,False,0.3510545574691091,-0.3898986532812148,0
802,2,220,1,1,1,665,3,False,False,0.11956688844162187,-0.13122104523689335,1
803,1,178,2,1,2,37,3,False,False,-1.4236842384082926,1.6990450494163247,1
804,3,995,2,0,1,209,1,False,False,-2.2400640845118973,-0.4774253944242417,1
805,3,439,2,0,0,406,3,False,False,-0.18908333692836105,-0.5075237542975949,1
806,3,505,2,0,0,385,3,False,False,0.11956688844162187,-0.49190548362322084,0
807,1,39,2,0,0,15,3,False,False,0.7368673391815876,-0.6436955517397944,0
808,3,811,1,0,0,404,3,False,False,-0.8835463440108225,-0.49190548362322084,0
809,2,664,2,0,0,185,3,False,False,0.7368673391815876,-0.3898986532812148,0
810,1,193,1,1,0,58,3,False,False,0.2738920011266133,0.3929671642717883,1
811,3,14,2,0,0,408,3,False,False,-0.26624589327085674,-0.489709164309637,0
812,3,591,2,0,0,624,3,False,False,0.7368673391815876,-0.17221900575712545,0
813,2,937,2,0,0,268,3,False,False,0.42821711381160477,-0.43870574913863397,0
814,3,27,1,4,2,401,3,False,False,-1.8094970201207714,-0.0331187825634809,0
815,3,1005,2,0,0,513,3,False,False,0.08098561027037401,-0.48653670307890473,0
816,1,351,2,0,0,18,3,True,False,-0.11192078058586531,-0.6436955517397944,0
817,3,443,1,0,0,801,3,False,False,-0.4977335622983439,-0.4889770578717757,0
818,2,626,2,1,1,736,1,False,False,0.11956688844162187,0.07873146287104939,0
819,3,464,2,0,0,650,3,False,False,1.0455175645515706,-0.517773244427653,0
820,3,930,2,3,2,405,3,False,False,-1.5008467947507884,-0.09900836197099674,0
821,1,437,1,1,1,76,3,False,False,1.7399805716340322,1.1816898333276817,1
822,3,613,2,0,0,318,3,False,False,-0.18908333692836105,-0.474578964593837,1
823,1,833,2,0,0,113,3,False,False,0.659704782839092,-0.6436955517397944,0
824,3,683,1,0,1,583,3,False,False,-0.18908333692836105,-0.4001481434112728,1
825,3,775,2,4,1,296,3,False,False,-2.1181472454907544,0.13111709499673455,0
826,3,327,2,0,0,537,2,True,False,-0.11192078058586531,-0.5080118252561692,0
827,3,566,2,0,0,93,3,True,False,-0.11192078058586531,0.4592628187168379,0
828,2,625,2,0,2,736,1,False,False,-2.19530980183325,0.07873146287104939,1
829,3,642,2,0,0,531,2,True,False,-0.11192078058586531,-0.492393554581795,1
830,1,967,1,0,0,36,0,False,False,2.5116061350589893,0.9181315156976183,1
831,3,1080,1,1,0,225,1,False,False,-1.1150340130383098,-0.3615085417628712,1
832,2,842,2,1,1,284,3,False,False,-2.2084274364114744,-0.2776423328091508,1
833,3,876,2,0,0,238,1,True,False,-0.11192078058586531,-0.5025610487908126,0
834,3,60,2,0,0,412,3,False,False,-0.4977335622983439,-0.4903592748264578,0
835,3,23,2,0,0,126,3,False,False,-0.8835463440108225,-0.4816559934931628,0
836,1,221,1,1,1,727,1,False,False,0.7368673391815876,0.9797904960362129,1
837,3,783,2,0,0,317,3,False,False,-0.6520586749833354,-0.474578964593837,0
838,3,924,2,0,0,581,3,True,False,-0.11192078058586531,-0.48653670307890473,0
839,3,202,2,0,0,93,3,False,False,0.1967294447841176,0.4592628187168379,1
840,1,631,2,0,0,70,1,True,False,-0.11192078058586531,-0.06386725295365495,1
841,3,15,2,0,0,773,3,False,False,-0.7292212313258312,-0.4889770578717757,0
842,2,698,2,0,0,739,3,False,False,-1.037871456695814,-0.43870574913863397,0
843,1,905,1,0,0,54,1,False,False,0.04240433209912615,-0.03848756310779698,1
844,3,587,2,0,0,247,1,False,False,0.3896358356403569,-0.5180172799069401,0
845,3,244,2,0,0,313,3,False,False,-0.9607089003533184,-0.474578964593837,0
846,3,1,2,0,0,673,3,False,False,0.9683550082090748,-0.49629812225038855,0
847,3,885,2,8,2,678,3,True,False,-0.11192078058586531,0.7141178550136061,0
848,3,632,2,0,0,433,1,False,False,0.42821711381160477,-0.48954712475139034,0
849,2,422,2,0,1,186,3,False,False,-0.11192078058586531,0.0005581135781383373,0
850,1,374,1,1,0,97,1,True,False,-0.11192078058586531,1.0958713405396645,1
851,3,26,2,4,2,401,3,False,False,-1.9638221328057628,-0.0331187825634809,0
852,3,980,2,0,0,382,3,False,False,3.437556811168938,-0.49190548362322084,0
853,3,119,1,1,1,243,1,False,False,-1.5780093510932842,-0.34605426293057806,0
854,1,602,1,0,1,706,3,False,False,-1.037871456695814,0.12550427897313132,1
855,2,181,1,1,0,174,3,False,False,1.1226801208940664,-0.13610175482263526,0
856,3,11,1,0,1,580,3,False,False,-0.8835463440108225,-0.46115701323304675,1
857,1,1059,1,1,1,544,3,False,False,1.199842677236562,2.574970380498752,1
858,1,252,2,0,0,27,3,False,False,1.6628180152915364,-0.12536419373400304,1
859,3,67,1,0,3,232,1,False,False,-0.42057100595584823,-0.26771887407942035,1
860,3,827,2,0,0,213,1,True,False,-0.11192078058586531,-0.5025610487908126,0
861,3,413,2,2,0,479,3,False,False,0.8911924518665791,-0.36826149154570376,0
862,2,366,2,1,0,267,3,False,False,-0.6520586749833354,-0.41918291079566633,0
863,1,984,1,0,0,101,3,False,False,1.4313303462640492,-0.13748397177731736,1
864,3,883,1,8,2,678,3,True,False,-0.11192078058586531,0.7141178550136061,0
865,2,368,2,0,0,141,3,False,False,-0.42057100595584823,-0.3898986532812148,0
866,2,155,1,0,0,148,3,False,False,0.9683550082090748,-0.3898986532812148,1
867,2,302,1,1,0,755,1,False,False,-0.18908333692836105,-0.3731422011314457,1
868,1,853,2,0,0,704,3,False,False,0.11956688844162187,0.3421257886590319,0
869,3,1098,2,0,0,374,3,True,False,-0.11192078058586531,-0.4582285874816016,0
870,3,506,2,1,1,416,3,False,False,-1.9638221328057628,-0.42634193561603256,1
871,3,72,2,0,0,466,3,False,False,-0.26624589327085674,-0.48954712475139034,0
872,1,96,1,1,1,61,3,False,False,1.3541677899215534,0.38231159910419654,1
873,1,175,2,0,0,601,3,False,False,0.2738920011266133,-0.5460813600249561,0
874,3,1030,2,0,0,367,3,False,False,1.3541677899215534,-0.46799000665308543,0
875,2,6,1,1,0,687,1,False,False,-0.11192078058586531,-0.1751474315085706,1
876,3,708,1,0,0,233,1,False,False,-1.1150340130383098,-0.5026430447118531,1
877,3,399,2,0,0,603,3,False,False,-0.7292212313258312,-0.4514775899826034,0
878,3,808,2,0,0,432,3,False,False,-0.8063837876683269,-0.48954712475139034,0
879,3,564,2,0,0,437,3,True,False,-0.11192078058586531,-0.48954712475139034,0
880,1,820,1,0,1,66,1,False,False,2.048630797004015,0.9797904960362129,1
881,2,911,1,0,1,134,3,False,False,-0.3434084496133525,-0.13610175482263526,1
882,3,633,2,0,0,474,3,False,False,0.2738920011266133,-0.48954712475139034,0
883,3,249,1,0,0,609,3,False,False,-0.5748961186408397,-0.4383797177383064,0
884,2,74,2,0,0,675,3,False,False,-0.11192078058586531,-0.43870574913863397,0
885,3,978,2,0,0,776,3,False,False,-0.3434084496133525,-0.5060595414218724,0
886,3,840,1,0,5,574,2,False,False,0.7368673391815876,-0.07509288500086134,0
887,2,681,2,0,0,118,3,False,False,-0.18908333692836105,-0.3898986532812148,0
888,1,390,1,0,0,17,3,False,False,-0.8063837876683269,-0.05801040145076464,1
889,3,512,1,1,2,806,3,True,False,-0.11192078058586531,-0.1858849925972028,0
890,1,98,2,0,0,11,1,False,False,-0.26624589327085674,-0.05801040145076464,1
891,3,287,2,0,0,559,2,False,False,0.1967294447841176,-0.492393554581795,0
892,3,539,2,0,0,329,2,False,False,0.3896358356403569,-0.490847345785032,0
893,3,1064,1,1,0,508,3,False,False,1.3541677899215534,-0.5070356833390208,1
894,2,706,2,0,0,168,2,False,False,2.5116061350589893,-0.4545680552922952,1
895,3,1074,2,0,0,321,3,False,False,-0.18908333692836105,-0.474578964593837,1
896,3,457,1,1,1,299,3,False,False,-0.5748961186408397,-0.40380867560057926,0
897,3,981,2,0,0,604,3,False,False,-1.1921965693808054,-0.4635973680259177,0
898,3,225,1,0,0,340,2,False,False,0.04240433209912615,-0.4947519134536255,0
899,2,162,2,1,1,190,3,False,False,-0.26624589327085674,-0.07753323979373229,0
900,3,7,1,0,0,224,1,False,False,-0.8835463440108225,-0.5025610487908126,1
901,3,266,2,2,0,624,3,False,False,-0.6520586749833354,-0.17221900575712545,1
902,3,482,2,0,0,440,3,True,False,-0.11192078058586531,-0.48954712475139034,1
903,1,515,2,0,0,600,3,False,False,1.2770052335790578,-0.13610175482263526,1
904,1,948,1,1,0,119,3,False,False,-0.4977335622983439,0.962383933369623,0
905,2,473,2,1,0,169,3,False,False,2.588768691401485,-0.13610175482263526,0
906,1,191,1,1,0,809,3,False,False,1.3541677899215534,0.5506140838912521,0
907,2,1095,1,1,0,756,1,False,False,-0.42057100595584823,-0.10250685460205651,1
908,2,534,2,0,0,140,2,False,False,0.42821711381160477,-0.4025884982041438,0
909,3,54,2,0,0,254,1,False,False,-0.6520586749833354,-0.5026430447118531,1
910,3,483,1,1,0,796,3,False,False,-0.18908333692836105,-0.4889770578717757,0
911,3,53,1,0,0,258,1,False,False,1.199842677236562,-0.5026430447118531,1
912,1,864,2,1,0,716,1,False,False,1.9714682406615194,0.5159610458324845,0
913,3,751,2,0,1,647,3,False,False,-1.5780093510932842,-0.5817925359219125,1
914,1,324,1,0,0,712,3,True,False,-0.11192078058586531,-0.025147607668047196,1
915,1,1071,2,0,1,711,1,False,False,-0.6520586749833354,0.554600647480886,1
916,1,875,1,1,3,719,1,False,False,1.4313303462640492,4.478609158496345,0
917,3,851,2,1,0,643,3,False,False,1.5856554589490406,-0.36061439576676335,1
918,1,763,1,0,1,33,1,False,False,-0.5748961186408397,0.5663143504866667,0
919,3,247,2,0,0,260,1,False,False,-0.5363148404695918,-0.5026430447118531,0
920,1,131,2,0,0,26,3,False,False,0.8911924518665791,-0.04824898227928081,1
921,3,892,2,2,0,228,1,True,False,-0.11192078058586531,-0.2204560347349299,0
922,2,610,2,1,0,750,3,False,False,1.5856554589490406,-0.13610175482263526,0
923,2,493,2,2,0,663,3,False,False,-0.42057100595584823,-0.02872614393631315,1
924,3,273,1,1,2,655,3,False,False,0.2738920011266133,-0.24201315283323482,1
925,3,514,1,1,2,806,3,True,False,-0.11192078058586531,-0.1858849925972028,0
926,1,677,2,1,0,81,1,False,False,0.04240433209912615,0.4837483625665879,0
927,3,531,2,0,0,246,1,False,False,-0.8449650658395748,-0.5025610487908126,0
928,3,862,1,0,0,355,3,True,False,-0.11192078058586531,-0.48653670307890473,1
929,3,156,1,0,0,310,3,False,False,-0.6520586749833354,-0.474578964593837,0
930,3,897,2,0,0,369,3,False,False,-0.3434084496133525,-0.4582285874816016,0
931,3,440,2,0,0,93,3,True,False,-0.11192078058586531,0.4592628187168379,1
932,3,529,2,0,1,473,1,False,False,0.7368673391815876,-0.38176348654370024,0
933,1,345,2,0,0,41,3,True,False,-0.11192078058586531,-0.12536419373400304,0
934,3,378,2,0,0,762,3,False,False,0.8911924518665791,-0.4904412707474982,0
935,2,230,1,0,0,151,3,False,False,0.04240433209912615,-0.3898986532812148,1
936,1,549,1,1,0,63,3,False,False,1.199842677236562,0.38231159910419654,1
937,3,794,2,0,0,792,3,False,False,-0.3434084496133525,-0.4889770578717757,0
938,1,200,2,0,0,708,1,False,False,1.199842677236562,-0.06386725295365495,0
939,3,908,2,0,0,557,2,True,False,-0.11192078058586531,-0.492393554581795,1
940,1,147,1,0,0,72,1,False,False,2.357281022373998,0.8457349742703915,0
941,3,236,1,0,2,672,3,False,False,0.5053796701541005,-0.33328242208660863,0
942,1,944,2,1,0,87,3,False,False,-0.42057100595584823,0.5276747488382652,0
943,2,821,2,0,0,757,1,False,False,-0.18908333692836105,-0.3502028660784587,0
944,2,458,1,2,1,283,3,False,False,-0.7292212313258312,-0.19467026985153824,1
945,1,338,1,3,2,111,3,False,False,-0.11192078058586531,4.4908109324606995,1
946,2,629,2,0,0,747,1,True,False,-0.11192078058586531,-0.3395453486270326,0
947,3,835,2,4,1,574,2,False,False,-1.5008467947507884,-0.07509288500086134,1
948,3,228,2,0,0,449,3,False,False,0.42821711381160477,-0.48954712475139034,1
949,3,4,2,0,0,419,3,False,False,-0.3434084496133525,-0.4943458384160918,0
950,3,269,2,1,0,579,3,True,False,-0.11192078058586531,-0.32937785441801504,1
951,1,198,1,0,0,719,1,False,False,0.5053796701541005,4.478609158496345,0
952,3,280,2,0,0,451,3,False,False,-0.9607089003533184,-0.48954712475139034,0
953,2,646,2,0,0,150,3,False,False,0.1967294447841176,-0.380137234109731,1
954,3,111,2,0,0,407,3,False,False,-0.8835463440108225,-0.492393554581795,0
955,3,129,1,0,0,344,2,False,False,-0.5748961186408397,-0.4928816255403692,0
956,1,871,2,2,2,719,1,False,False,-1.2693591257233012,4.478609158496345,0
957,2,231,1,0,0,684,3,True,False,-0.11192078058586531,-0.23371594653747357,1
958,3,150,1,0,0,338,2,False,False,-0.8835463440108225,-0.4898712038678836,1
959,1,684,2,0,0,53,3,False,False,1.3541677899215534,0.1840727940020343,0
960,1,1016,2,0,0,204,1,False,False,0.11956688844162187,-0.08656255252735481,1
961,1,342,1,1,4,111,3,False,False,2.357281022373998,4.4908109324606995,0
962,3,700,1,0,0,575,2,False,False,-0.42057100595584823,-0.492393554581795,0
963,3,673,2,0,0,431,3,False,False,-0.6520586749833354,-0.48954712475139034,0
964,3,728,1,0,0,298,3,False,False,-0.03475822424336958,-0.4889770578717757,0
965,1,766,2,0,0,699,1,False,False,-0.07333950241461744,-0.10250685460205651,0
966,1,363,1,0,0,31,1,False,False,0.42821711381160477,3.4853847577978656,1
967,1,536,2,0,0,31,1,False,False,0.23531072295536545,3.4853847577978656,0
968,3,667,2,0,0,505,3,True,False,-0.11192078058586531,-0.48653670307890473,0
969,1,233,1,2,0,68,3,False,False,1.9714682406615194,-0.1419586063255256,0
970,2,13,2,0,0,192,3,False,False,0.04240433209912615,-0.3898986532812148,1
971,3,293,1,0,0,541,2,False,False,-0.42057100595584823,-0.492393554581795,1
972,3,118,2,1,1,243,1,False,False,-1.8094970201207714,-0.34605426293057806,0
973,1,972,2,1,0,695,3,False,False,2.8974189167714677,3.686063917692899,1
974,1,185,2,0,0,107,3,False,False,1.508492902606545,-0.13610175482263526,1
975,3,274,2,0,0,456,3,True,False,-0.11192078058586531,-0.48954712475139034,0
976,2,567,2,0,0,167,2,True,False,-0.11192078058586531,-0.43463914191179376,1
977,3,544,2,1,0,226,1,True,False,-0.11192078058586531,-0.3615085417628712,1
978,3,80,1,0,0,326,2,False,False,-0.18908333692836105,-0.4898712038678836,0
979,3,68,1,0,0,622,3,False,False,-0.8835463440108225,-0.48653670307890473,0
980,3,744,1,0,0,524,2,True,False,-0.11192078058586531,-0.492393554581795,1
981,2,1050,2,1,1,281,3,False,False,-2.1181472454907544,-0.19467026985153824,0
982,3,304,1,1,0,393,3,False,False,-0.5748961186408397,-0.37232809877254397,0
983,3,791,2,0,0,363,3,True,False,-0.11192078058586531,-0.49190548362322084,0
984,1,261,1,1,2,679,3,False,False,-0.18908333692836105,0.37149204209452386,0
985,3,397,2,0,0,569,3,True,False,-0.11192078058586531,-0.48653670307890473,0
986,1,107,2,0,0,88,1,False,False,-0.3434084496133525,-0.13610175482263526,0
987,3,990,2,0,0,481,3,False,False,-0.3434084496133525,-0.49149940858568714,0
988,1,188,1,1,0,106,3,False,False,3.5918819238539292,0.8956802516032053,0
989,3,624,2,0,0,782,3,False,False,-0.03475822424336958,-0.4889770578717757,1
990,3,132,1,0,0,415,3,False,False,-0.7292212313258312,-0.4903592748264578,1
991,3,711,2,0,0,619,3,False,False,0.2738920011266133,-0.48653670307890473,0
992,1,964,1,1,0,71,1,False,False,1.0455175645515706,0.4386837948195156,0
993,2,1048,2,1,0,130,3,False,False,-0.18908333692836105,-0.13610175482263526,0
994,3,329,2,0,0,527,2,True,False,-0.11192078058586531,-0.492393554581795,0
995,3,502,2,0,0,391,3,False,False,-0.26624589327085674,-0.49190548362322084,0
996,3,998,1,1,1,209,1,False,False,-1.037871456695814,-0.4774253944242417,0
997,3,465,2,0,0,649,3,False,False,-0.11192078058586531,-0.2039436180644479,0
998,3,146,2,0,0,331,2,False,False,-0.6520586749833354,-0.49101133762711296,1
999,3,869,2,0,0,577,2,True,False,-0.11192078058586531,-0.492393554581795,1
1000,3,1065,2,0,0,350,3,True,False,-0.11192078058586531,-0.4736028226766887,0
1001,2,983,2,0,0,189,3,False,False,-0.8449650658395748,-0.3898986532812148,1
1002,2,961,2,0,0,157,1,False,False,0.8911924518665791,-0.3499588305991716,0
1003,3,912,1,0,0,339,2,True,False,-0.11192078058586531,-0.4918234877021804,0
1004,1,318,1,0,0,697,1,False,False,0.5053796701541005,-0.025227651305253316,0
1005,3,145,1,0,0,325,2,False,False,-0.8449650658395748,-0.501504863236458,0
1006,1,973,1,1,0,695,3,False,False,2.588768691401485,3.686063917692899,0
1007,3,206,2,1,0,244,1,False,False,-0.8835463440108225,-0.3615085417628712,0
1008,3,997,2,0,0,245,1,True,False,-0.11192078058586531,-0.5180172799069401,0
1009,3,894,1,1,1,734,3,False,False,-2.19530980183325,-0.31766415141223453,0
1010,1,89,2,0,0,78,1,False,False,0.5053796701541005,0.8252359940102751,0
1011,2,196,1,1,0,749,3,False,False,-0.03475822424336958,-0.13610175482263526,0
1012,2,1043,1,0,0,668,3,False,False,-1.346521682065797,-0.3362108478380538,0
1013,3,545,2,1,0,530,2,True,False,-0.11192078058586531,-0.492393554581795,0
1014,1,901,1,1,0,81,1,False,False,0.42821711381160477,0.4837483625665879,0
1015,3,184,2,0,0,582,3,False,False,-0.11192078058586531,-0.5021549737532789,1
1016,3,541,2,0,0,543,2,True,False,-0.11192078058586531,-0.492393554581795,0
1017,3,240,1,0,1,563,3,False,False,-0.9607089003533184,-0.32937785441801504,1
1018,3,137,2,0,0,487,3,False,False,-0.5748961186408397,-0.49149940858568714,0
1019,3,644,1,2,0,529,2,True,False,-0.11192078058586531,-0.18978956026579633,1
1020,2,126,2,0,0,117,3,False,False,0.9683550082090748,-0.3898986532812148,1
1021,3,806,2,0,0,354,3,False,False,-0.42057100595584823,-0.48653670307890473,0
1022,3,955,2,0,0,802,3,False,False,0.1967294447841176,-0.48653670307890473,0
1023,1,389,2,0,0,42,1,False,False,1.8171431279765278,-0.08729465896521613,0
1024,3,583,1,0,4,585,3,True,False,-0.11192078058586531,-0.14651328451093992,0
1025,3,996,2,1,0,206,1,True,False,-0.11192078058586531,-0.5180172799069401,1
1026,3,282,2,0,0,446,3,False,False,1.0455175645515706,-0.48954712475139034,0
1027,3,174,2,0,0,498,3,False,False,-0.42057100595584823,-0.4903592748264578,0
1028,3,1088,2,0,0,223,1,False,False,-0.2276646150996089,-0.5026430447118531,1
1029,2,902,2,0,0,182,3,False,False,-0.26624589327085674,-0.3898986532812148,0
1030,3,294,1,0,0,778,3,False,False,-0.4977335622983439,-0.48653670307890473,0
1031,3,387,2,1,6,676,3,False,False,0.8140298955240834,0.27192556654538874,0
1032,3,384,1,5,2,676,3,False,False,-1.5008467947507884,0.27192556654538874,0
1033,1,257,1,0,0,43,3,False,False,0.2738920011266133,2.3149905991369546,1
1034,1,874,2,1,3,719,1,False,False,2.4344435787164938,4.478609158496345,1
1035,2,90,2,0,0,178,3,False,False,-0.11192078058586531,-0.13610175482263526,0
1036,1,599,2,0,0,103,3,False,False,0.9683550082090748,-0.12536419373400304,0
1037,3,1032,2,3,0,365,3,False,False,0.11956688844162187,-0.29228446156637655,0
1038,1,453,2,0,0,98,3,True,False,-0.11192078058586531,0.36880765182236575,1
1039,3,265,2,0,0,748,3,False,False,-0.5748961186408397,-0.48653670307890473,0
1040,1,238,2,0,0,50,3,True,False,-0.11192078058586531,-0.12536419373400304,0
1041,2,562,2,1,1,200,3,False,False,0.04240433209912615,-0.13610175482263526,0
1042,1,305,1,0,1,66,1,False,False,-0.4977335622983439,0.9797904960362129,0
1043,3,637,2,0,0,472,1,True,False,-0.11192078058586531,-0.48954712475139034,1
1044,3,968,2,0,0,549,3,False,True,2.3958623005452457,-0.3614284981256651,0
1045,3,556,1,0,2,495,3,False,False,0.5053796701541005,-0.4058429553559165,0
1046,3,49,2,4,2,397,3,False,False,-1.2693591257233012,-0.030922463249897024,0
1047,3,301,2,0,0,741,3,False,False,-0.42057100595584823,-0.49629812225038855,0
1048,1,105,1,0,0,695,3,False,False,-0.03475822424336958,3.686063917692899,1
1049,3,615,1,0,0,413,3,False,False,-0.4977335622983439,-0.4903592748264578,0
1050,1,116,2,0,0,4,3,False,False,0.9683550082090748,-0.12536419373400304,0
1051,3,787,1,0,2,769,3,False,False,-0.26624589327085674,-0.37476845356541494,0
1052,3,947,1,0,0,346,2,True,False,-0.11192078058586531,-0.4927195859821226,0
1053,3,1011,2,1,1,220,1,False,False,-1.7323344637782756,-0.34605426293057806,1
1054,2,1077,1,0,0,124,3,False,False,-0.26624589327085674,-0.380137234109731,0
1055,3,788,2,0,0,359,3,True,False,-0.11192078058586531,-0.5070356833390208,0
1056,2,802,2,0,0,152,3,False,False,0.8911924518665791,-0.3898986532812148,0
1057,3,552,1,1,1,320,3,False,False,-0.26624589327085674,-0.21370503723593173,1
1058,1,133,2,0,0,705,1,False,False,1.4313303462640492,0.3421257886590319,1
1059,3,333,2,2,2,807,3,False,False,-0.8835463440108225,0.027402016299718866,0
1060,1,186,1,0,0,105,1,True,False,-0.11192078058586531,-0.10250685460205651,0
1061,3,444,1,0,0,608,3,False,False,-0.5748961186408397,-0.4687221130909468,0
1062,3,605,2,0,0,738,3,True,False,-0.11192078058586531,-0.49629812225038855,0
1063,3,1089,2,0,0,236,1,False,False,-0.18908333692836105,-0.5026430447118531,0
1064,3,303,2,1,0,393,3,False,False,-0.4977335622983439,-0.37232809877254397,1
1065,3,1008,2,0,0,240,1,True,False,-0.11192078058586531,-0.5025610487908126,0
1066,3,51,2,1,5,397,3,False,False,0.8140298955240834,-0.030922463249897024,0
1067,2,140,1,0,2,287,3,False,False,-1.1150340130383098,0.11769514363594429,0
1068,2,921,1,0,0,667,3,False,False,-0.7292212313258312,0.07376875736426705,0
1069,1,963,2,1,0,71,1,False,False,1.8943056843190236,0.4386837948195156,0
1070,2,94,1,0,3,133,3,False,False,0.5053796701541005,0.11769514363594429,0
1071,1,223,1,0,2,727,1,False,False,2.6659312477439805,0.9797904960362129,0
1072,2,647,2,0,0,138,3,False,False,0.04240433209912615,-0.3898986532812148,0
1073,1,222,2,1,1,727,1,False,False,0.5825422264965963,0.9797904960362129,0
1074,1,635,1,1,0,39,3,False,False,-0.8835463440108225,0.3929671642717883,0
1075,3,569,2,0,0,612,2,True,False,-0.11192078058586531,-0.492393554581795,1
1076,1,290,1,1,1,698,1,False,False,-0.18908333692836105,4.188613013182235,1
1077,2,639,2,0,0,161,3,False,False,0.8140298955240834,-0.33133013825231183,0
1078,2,813,1,0,1,737,3,False,False,-0.6520586749833354,-0.23371594653747357,1
1079,3,267,2,2,0,625,3,False,False,-0.9607089003533184,-0.48653670307890473,1
1080,3,881,1,8,2,678,3,True,False,-0.11192078058586531,0.7141178550136061,0
1081,2,1035,2,0,0,271,3,False,False,0.8140298955240834,-0.3898986532812148,0
1082,2,40,2,1,0,129,3,False,False,0.3510545574691091,-0.13610175482263526,1
1083,1,890,2,0,0,7,3,True,False,-0.11192078058586531,-0.13610175482263526,0
1084,3,1096,2,1,1,644,3,False,False,-1.3851029602370448,-0.36061439576676335,1
1085,2,604,2,0,0,146,2,False,False,2.4344435787164938,-0.4025884982041438,1
1086,2,296,2,0,2,270,3,False,False,-1.6551719074357798,-0.009203305593345491,1
1087,3,526,2,0,0,410,3,False,False,0.2738920011266133,-0.4903592748264578,1
1088,1,952,2,0,2,94,1,False,False,-1.8094970201207714,1.9821262053893558,0
1089,3,729,1,0,0,387,3,False,False,-0.8835463440108225,-0.49190548362322084,0
1090,2,71,2,0,0,664,3,False,False,-0.4977335622983439,-0.43870574913863397,1
1091,3,826,1,0,0,596,3,True,False,-0.11192078058586531,-0.48531652568246925,0
1092,3,704,1,0,0,528,2,True,False,-0.11192078058586531,-0.34109155742379565,0
1093,3,253,2,0,2,399,3,False,False,-2.247008714582722,-0.36256667960106015,0
1094,1,55,2,1,0,728,1,False,False,1.3541677899215534,3.7982382422439223,0
1095,2,823,1,1,1,215,3,False,False,-1.6551719074357798,-0.13610175482263526,0
1096,2,37,2,0,0,669,3,False,False,-0.3434084496133525,-0.43870574913863397,1
1097,1,758,2,0,0,680,1,True,False,-0.11192078058586531,-0.14114450396662379,0
1098,3,653,1,0,0,615,2,False,False,0.42821711381160477,-0.492393554581795,0
1099,2,216,2,0,0,266,3,False,False,-0.42057100595584823,-0.43870574913863397,1
1100,1,860,1,0,0,724,1,False,False,0.2738920011266133,-0.10250685460205651,1
